borough,street,segs
Queens,GRAND CENTRAL PARKWAY,1231
Brooklyn,BELT PARKWAY,1132
Queens,CROSS ISLAND PARKWAY,836
Queens,UNION TURNPIKE,824
Queens,BELT PARKWAY,550
Manhattan,WEST STREET,377
Brooklyn,SHORE PARKWAY,261
Bronx,SOUTHERN BOULEVARD,240
Bronx,RANDALL AVENUE,200
Queens,BRADDOCK AVENUE,166
Staten Island,WILLOW ROAD EAST,163
Brooklyn,AVENUE U,153
Staten Island,WOODROW ROAD,149
Queens,SHORE FRONT PARKWAY,141
Bronx,MOSHOLU PARKWAY,137
Bronx,WEBSTER AVENUE,135
Brooklyn,SEAVIEW AVENUE,134
Brooklyn,AVENUE W,133
Brooklyn,AVENUE L,127
Brooklyn,AVENUE M,126
Brooklyn,AVENUE T,125
Brooklyn,AVENUE K,121
Bronx,BAYCHESTER AVENUE,120
Queens,BORDEN AVENUE,118
Bronx,ROSEDALE AVENUE,117
Manhattan,EAST DRIVE,117
Bronx,RIKERS ISLAND ACCESS ROAD,116
Bronx,EXTERIOR STREET,115
Bronx,UNIVERSITY AVENUE,115
Bronx,MORRIS AVENUE,113
Manhattan,WEST DRIVE,109
Brooklyn,AVENUE N,108
Manhattan,EAST RIVER ESPLANADE,108
Bronx,EAST GUN HILL ROAD,106
Manhattan,SOUTH STREET,105
Bronx,BRONX RIVER AVENUE,105
Brooklyn,FT HAMILTON,104
Brooklyn,AVENUE V,98
Bronx,RIVERDALE AVENUE,98
Bronx,FIELDSTON ROAD,97
Bronx,BRONX BOULEVARD,96
Bronx,CO-OP CITY BOULEVARD,95
Brooklyn,AVENUE X,95
Queens,COOPER AVENUE,95
Brooklyn,BLAKE AVENUE,93
Queens,WINCHESTER BOULEVARD,92
Brooklyn,ADAMS STREET,92
Brooklyn,SURF AVENUE,92
Brooklyn,WASHINGTON AVENUE,91
Staten Island,VETERANS ROAD WEST,91
Staten Island,SOUTH AVENUE,91
Queens,JFK ACCESS ROAD,90
Queens,OCEANSIDE AVENUE,88
Queens,BOARDWALK,85
Brooklyn,STERLING PLACE,85
Bronx,ST ANNS AVENUE,85
Queens,HEMPSTEAD AVENUE,84
Queens,MURDOCK AVENUE,84
Brooklyn,VANDALIA AVENUE,82
Queens,FOREST PARK DRIVE,82
Brooklyn,AVENUE S,81
Brooklyn,STANLEY AVENUE,81
Bronx,METCALF AVENUE,80
Bronx,WASHINGTON AVENUE,79
Queens,JACKSON AVENUE,78
Brooklyn,TROY AVENUE,77
Bronx,UNIONPORT ROAD,77
Brooklyn,FLATBUSH AVENUE EXTENSION,77
Queens,YELLOWSTONE BOULEVARD,76
Queens,ELIOT AVENUE,76
Brooklyn,PROSPECT PARK WEST,75
Bronx,BRONXWOOD AVENUE,75
Brooklyn,TILLARY STREET,75
Bronx,WALTON AVENUE,75
Bronx,BARNES AVENUE,74
Brooklyn,AVENUE P,74
Queens,BROOKVILLE BOULEVARD,74
Staten Island,TELEPORT DRIVE,74
Brooklyn,AVENUE I,73
Brooklyn,QUENTIN ROAD,73
Bronx,BURKE AVENUE,72
Bronx,ADEE AVENUE,72
Queens,AUSTIN STREET,72
Brooklyn,SCHENECTADY AVENUE,72
Queens,HOOK CREEK BOULEVARD,71
Queens,STATE ROAD,71
Brooklyn,SHELL ROAD,71
Brooklyn,AVENUE Z,70
Brooklyn,PACIFIC STREET,70
Bronx,BARTOW AVENUE,70
Staten Island,SEAVIEW AVENUE,70
Queens,QUEENS PLAZA,69
Bronx,BROOK AVENUE,69
Bronx,ALLERTON AVENUE,69
Brooklyn,WORTMAN AVENUE,68
Queens,BAYSIDE AVENUE,68
Brooklyn,AVENUE H,68
Brooklyn,BAY VIEW AVENUE,68
Brooklyn,WILLIAMS AVENUE,67
Queens,BAISLEY BOULEVARD,67
Brooklyn,STERLING DRIVE,67
Queens,FOCH BOULEVARD,67
Queens,BAYSIDE,66
Brooklyn,BROOKLYN NAVY YARD,66
Brooklyn,AVENUE R,66
Queens,LAUREL HILL BOULEVARD,66
Brooklyn,OCEAN AVENUE,64
Bronx,CASTLE HILL AVENUE,64
Brooklyn,AVENUE O,64
Bronx,WATSON AVENUE,63
Queens,HOLLIS AVENUE,63
Bronx,FOOD CENTER DRIVE,63
Bronx,EASTCHESTER ROAD,62
Queens,WILLETS POINT BOULEVARD,62
Bronx,PAULDING AVENUE,62
Brooklyn,AVENUE Y,62
Bronx,HUTCHINSON RIVER PARKWAY EAST,62
Bronx,WEST FARMS ROAD,60
Staten Island,BLOOMINGDALE ROAD,60
Brooklyn,COZINE AVENUE,60
Bronx,CLAY AVENUE,59
Brooklyn,SHORE ROAD,59
Bronx,MORRIS PARK AVENUE,58
Bronx,WARING AVENUE,58
Bronx,WEST FORDHAM ROAD,58
Manhattan,MORNINGSIDE AVENUE,57
Bronx,BRYANT AVENUE,56
Queens,MERIDIAN ROAD,56
Brooklyn,AVIATION ROAD,56
Bronx,STORY AVENUE,56
Brooklyn,ASHFORD STREET,56
Queens,SHEA ROAD,55
Bronx,ZEREGA AVENUE,55
Bronx,SOUNDVIEW AVENUE,55
Brooklyn,ST JOHNS PLACE,55
Queens,SHORE ROAD,55
Staten Island,SOUTH RAILROAD AVENUE,55
Bronx,ASTOR AVENUE,54
Queens,ROCKAWAY BREEZY BOULEVARD,54
Staten Island,NORTH RAILROAD AVENUE,54
Brooklyn,PLUMB BEACH AVENUE,53
Brooklyn,REMSEN AVENUE,53
Bronx,PARK DRIVE,53
Staten Island,WESTWOOD AVENUE,53
Queens,BURNS STREET,53
Staten Island,VETERANS ROAD EAST,53
Bronx,LACONIA AVENUE,53
Staten Island,LILY POND AVENUE,53
Queens,MIDLAND PARKWAY,52
Queens,BOOTH MEMORIAL AVENUE,52
Bronx,EAST BURNSIDE AVENUE,52
Staten Island,HUGUENOT AVENUE,52
Brooklyn,LEWIS AVENUE,52
Brooklyn,THROOP AVENUE,52
Staten Island,LOOP ROAD,51
Manhattan,DELANCEY ST NORTH,51
Staten Island,CASWELL AVENUE,51
Manhattan,EDGECOMBE AVENUE,51
Queens,MEADOW LAKE DRIVE,51
Manhattan,NAGLE AVENUE,51
Brooklyn,WILLOUGHBY AVENUE,50
Staten Island,HENDERSON AVENUE,50
Manhattan,EAST RIVER WEST CHANNEL SHL,50
Brooklyn,BERGEN AVENUE,50
Brooklyn,ROGERS AVENUE,50
Queens,QUEENS PLAZA SOUTH,50
Staten Island,FOREST HILL ROAD,50
Queens,BREEZY POINT BOULEVARD,50
Brooklyn,RIDGE BOULEVARD,49
Bronx,ARNOW AVENUE,49
Bronx,MACE AVENUE,49
Manhattan,FORT WASHINGTON PARK BICYCLE TRL,49
Bronx,UNDERHILL AVENUE,49
Bronx,HAZEN STREET,49
Bronx,CONNER STREET,49
Manhattan,JOHN FINLEY WALK,49
Bronx,PENNYFIELD AVENUE,47
Bronx,TINTON AVENUE,47
Manhattan,DELANCEY ST SOUTH,47
Bronx,HOE AVENUE,47
Queens,CUNNINGHAM PARK TRAIL,47
Brooklyn,ST MARKS AVENUE,47
Staten Island,STEUBEN STREET,46
Staten Island,WILLOWBROOK ROAD,46
Manhattan,WEST HOUSTON STREET,46
Manhattan,BRONX SHORE ROAD,46
Bronx,WESTCHESTER SQUARE,46
Manhattan,YORK AVENUE,45
Brooklyn,SCHENCK AVENUE,45
Staten Island,BARD AVENUE,45
Bronx,VALENTINE AVENUE,45
Staten Island,ANNADALE ROAD,45
Staten Island,RICHMOND HILL ROAD,45
Staten Island,ROCKLAND AVENUE,44
Brooklyn,GEORGIA AVENUE,44
Bronx,NOBLE AVENUE,44
Staten Island,JEWETT AVENUE,44
Queens,JERICHO TURNPIKE,44
Staten Island,VAN DUZER STREET,43
Queens,MARINE TERMINAL ROAD,43
Brooklyn,BATCHELDER STREET,43
Brooklyn,THOMAS S BOYLAND STREET,43
Queens,CARGO SERVICE ROAD,43
Bronx,TELLER AVENUE,43
Bronx,HENRY HUDSON PARKWAY EAST,43
Queens,POWELLS COVE BOULEVARD,43
Bronx,MANHATTAN COLLEGE PARKWAY,43
Brooklyn,STRICKLAND AVENUE,43
Queens,OCEAN PROMENADE,43
Bronx,TILLOTSON AVENUE,43
Brooklyn,PROSPECT PLACE,43
Bronx,PELHAM BAY PARK BRIDLE TRAIL,43
Brooklyn,WEST DRIVE,43
Staten Island,DOUGLAS ROAD,43
Queens,ROCKAWAY POINT BOULEVARD,43
Queens,NEWPORT AVENUE,43
Queens,PECK AVENUE,42
Brooklyn,VAN SINDEREN AVENUE,42
Queens,KEW GARDENS ROAD,42
Manhattan,BOBBY WAGNER WALK,42
Bronx,INTERVALE AVENUE,42
Staten Island,PORT RICHMOND AVENUE,42
Queens,PENELOPE AVENUE,42
Brooklyn,STUYVESANT AVENUE,42
Bronx,CROTONA AVENUE,41
Queens,MOTT AVENUE,41
Staten Island,WATCHOGUE ROAD,41
Bronx,SHORE ROAD,41
Manhattan,BARRY ROAD,41
Bronx,BEDFORD PARK BOULEVARD,41
Bronx,PALISADE AVENUE,41
Staten Island,MASON AVENUE,41
Brooklyn,SNYDER AVENUE,41
Bronx,GERARD AVENUE,40
Bronx,HARDING AVENUE,40
Bronx,PELHAM PARKWAY NORTH,40
Staten Island,PAGE AVENUE,40
Brooklyn,ELDERT LANE,40
Staten Island,BRICKTOWN WAY,40
Bronx,WEST TREMONT AVENUE,40
Queens,ASTORIA BOULEVARD NORTH,40
Staten Island,ASPEN KNOLLS WAY,40
Staten Island,OLYMPIA BOULEVARD,39
Staten Island,OCEAN TERRACE,39
Queens,COMMONWEALTH BOULEVARD,39
Staten Island,EDWARD CURRY AVENUE,39
Queens,ALDERTON STREET,39
Staten Island,NARROWS ROAD NORTH,39
Bronx,SEWARD AVENUE,38
Queens,ASTORIA BOULEVARD SOUTH,38
Brooklyn,VOORHIES AVENUE,38
Queens,CLINTONVILLE STREET,38
Bronx,BAILEY AVENUE,38
Bronx,WILLIS AVENUE,38
Bronx,DAVIDSON AVENUE,37
Brooklyn,BORINQUEN PLACE,37
Manhattan,CENTRAL ROAD,37
Bronx,MACOMBS ROAD,37
Queens,READS LANE,37
Bronx,PELHAM PARKWAY SOUTH,37
Staten Island,TARGEE STREET,37
Staten Island,ARMSTRONG AVENUE,37
Bronx,SHERIDAN AVENUE,36
Queens,ARCHER AVENUE,36
Manhattan,CENTER DRIVE,36
Bronx,JACKSON AVENUE,36
Brooklyn,TILDEN AVENUE,36
Queens,SANFORD AVENUE,36
Queens,NASHVILLE BOULEVARD,36
Bronx,DEWEY AVENUE,36
Bronx,OAK POINT AVENUE,36
Queens,EDGEMERE AVENUE,36
Manhattan,FRANKFORT STREET,36
Queens,VANDERBILT MOTOR PARKWAY,35
Brooklyn,SHEEPSHEAD BAY ROAD,35
Staten Island,MAJOR AVENUE,35
Brooklyn,BAY RIDGE PARKWAY,35
Bronx,BALCOM AVENUE,35
Bronx,BRONX PARK EAST,35
Staten Island,WEST FINGERBOARD ROAD,35
Manhattan,EAST BROADWAY,35
Staten Island,BOSCOMBE AVENUE,34
Queens,DOUGLAS ROAD,34
Queens,ALAMEDA AVENUE,34
Bronx,CAULDWELL AVENUE,34
Queens,CORNAGA AVENUE,34
Brooklyn,WYCKOFF AVENUE,34
Bronx,HOLLAND AVENUE,34
Bronx,RHINELANDER AVENUE,34
Bronx,LONGFELLOW AVENUE,34
Bronx,VAN NEST AVENUE,34
Brooklyn,EAST DRIVE,34
Bronx,COURTLANDT AVENUE,34
Staten Island,RICHMOND UNIV MEDICAL CNTR DRVWY,34
Brooklyn,LORING AVENUE,34
Staten Island,TRAVIS AVENUE,34
Queens,HOMELAWN STREET,33
Bronx,NEREID AVENUE,33
Bronx,TIFFANY STREET,33
Queens,MARATHON PARKWAY,33
Bronx,ADLER PLACE,33
Staten Island,NORTH BURGHER AVENUE,33
Bronx,ESPLANADE,33
Bronx,OLMSTEAD AVENUE,33
Bronx,SCHLEY AVENUE,33
Bronx,ROSE M SINGER CENTER ACCESS ROAD,33
Bronx,HENRY HUDSON PARKWAY WEST,33
Staten Island,NELSON AVENUE,33
Bronx,GIVAN AVENUE,33
Brooklyn,BRIGHTON BEACH AVENUE,32
Manhattan,DR M L KING JR BOULEVARD,32
Staten Island,MIDLAND AVENUE,32
Brooklyn,RUTLAND ROAD,32
Queens,INWOOD STREET,32
Brooklyn,VERMONT STREET,32
Staten Island,CLAWSON STREET,32
Queens,CALDWELL AVENUE,32
Bronx,BOUCK AVENUE,32
Brooklyn,RIVERDALE AVENUE,32
Staten Island,SEGUINE AVENUE,32
Staten Island,RING ROAD,31
Staten Island,MAGUIRE AVENUE,31
Bronx,LACOMBE AVENUE,31
Manhattan,UNITED NATIONS PLAZA,31
Manhattan,KIMMEL ROAD,31
Brooklyn,LINWOOD STREET,31
Queens,THOMSON AVENUE,31
Staten Island,BEMENT AVENUE,31
Staten Island,NARROWS ROAD SOUTH,31
Bronx,CARPENTER AVENUE,31
Staten Island,TYSENS LANE,31
Brooklyn,ROCHESTER AVENUE,31
Bronx,WATERBURY AVENUE,31
Bronx,EDISON AVENUE,31
Manhattan,ANDES ROAD,31
Brooklyn,POWELL STREET,31
Brooklyn,STEWART AVENUE,31
Staten Island,SOUTH GANNON AVENUE,31
Manhattan,COOPER SQUARE,31
Queens,VLEIGH PLACE,31
Queens,SEAGIRT AVENUE,30
Queens,FURMANVILLE AVENUE,30
Brooklyn,PUTNAM AVENUE,30
Queens,MARINA ROAD,30
Staten Island,FINGERBOARD ROAD,30
Queens,MEADOW LAKE PROMENADE,30
Bronx,BX STATE HOSPITAL ENTRANCE,30
Brooklyn,PALMETTO STREET,30
Brooklyn,WEST STREET,30
Bronx,SPOFFORD AVENUE,30
Brooklyn,VANDERBILT AVENUE,30
Bronx,JENNINGS STREET,30
Manhattan,WARDS MEADOW LOOP,30
Bronx,CLASON POINT LANE,30
Manhattan,EAST ROAD,30
Bronx,BEACH AVENUE,30
Staten Island,MILL ROAD,30
Bronx,CITY ISLAND AVENUE,30
Queens,FRESH MEADOW LANE,30
Bronx,REV JAMES A POLITE AVENUE,30
Brooklyn,TEN EYCK WALK,29
Queens,WOODWARD AVENUE,29
Brooklyn,BOARDWALK WEST,29
Bronx,FAILE STREET,29
Queens,CORPORAL KENNEDY STREET,29
Bronx,ALEXANDER AVENUE,29
Staten Island,CONTINENTAL PLACE,29
Queens,RUNWAY DRIVE,29
Bronx,JACOBI MEDICAL CENTER ACCESS RD,29
Queens,TUSKEGEE AIRMEN WAY,29
Queens,EAST RIVER EAST CHANNEL SHL,29
Bronx,BOLTON AVENUE,29
Queens,WEST DRIVE,29
Brooklyn,TAPSCOTT STREET,29
Staten Island,GOETHALS ROAD NORTH,29
Bronx,HUNTS POINT TERMINAL MARKET,29
Staten Island,QUINTARD STREET,29
Brooklyn,SHEFFIELD AVENUE,29
Queens,VAN DAM STREET,29
Staten Island,LAMOKA AVENUE,29
Queens,ROXBURY AVENUE,28
Queens,BOWERY BAY BOULEVARD,28
Bronx,PUGSLEY AVENUE,28
Staten Island,VANDERBILT AVENUE,28
Staten Island,NORTH GANNON AVENUE,28
Staten Island,COLLEGE AVENUE,28
Staten Island,SANCHEZ DRIVE,28
Bronx,BROUN PLACE,28
Queens,MAURICE AVENUE,28
Brooklyn,VAN BRUNT STREET,28
Staten Island,CIRCLE LOOP,28
Bronx,VYSE AVENUE,28
Bronx,DELAFIELD WAY,28
Staten Island,TYRELLAN AVENUE,28
Staten Island,DONGAN HILLS AVENUE,28
Queens,STATION ROAD,28
Queens,NORTH SERVICE ROAD,28
Staten Island,LONDON ROAD,28
Brooklyn,PROSPECT PARK SOUTHWEST,28
Staten Island,NUGENT AVENUE,28
Bronx,WALLACE AVENUE,27
Brooklyn,PATCHEN AVENUE,27
Queens,SOUTH CARGO ROAD,27
Manhattan,NORTH END AVENUE,27
Staten Island,GIFFORDS LANE,27
Staten Island,MURRAY HULBERT AVENUE,27
Bronx,HAVEMEYER AVENUE,27
Staten Island,KATAN AVENUE,27
Staten Island,MC CLEAN AVENUE,27
Staten Island,SYCAMORE STREET,27
Manhattan,PORT AUTHORITY BUS TERMINAL EN,27
Staten Island,WAINWRIGHT AVENUE,27
Bronx,RIVER AVENUE,27
Staten Island,SEAVER AVENUE,27
Bronx,NELSON AVENUE,27
Queens,CLOVERDALE BOULEVARD,27
Manhattan,MORNINGSIDE DRIVE,27
Brooklyn,OCEAN VIEW AVENUE,27
Bronx,BARRETTO STREET,27
Brooklyn,SHEPHERD AVENUE,27
Bronx,BRONXDALE AVENUE,27
Staten Island,JEFFERSON BOULEVARD,27
Staten Island,COLLEGE OF STATEN ISLAND DRVWY,27
Queens,UNDERHILL AVENUE,27
Bronx,CHANNEL VIEW ROAD,27
Brooklyn,ATKINS AVENUE,26
Manhattan,WEST ROAD,26
Staten Island,BRIELLE AVENUE,26
Staten Island,GREAVES AVENUE,26
Queens,JUNIPER BOULEVARD SOUTH,26
Bronx,FINDLAY AVENUE,26
Queens,SAYRES AVENUE,26
Bronx,BATHGATE AVENUE,26
Bronx,VAN CORTLANDT PARK SOUTH,26
Bronx,NETHERLAND AVENUE,26
Staten Island,LAMPORT BOULEVARD,26
Queens,THORNHILL AVENUE,26
Brooklyn,KINGS PLAZA,26
Bronx,LONGWOOD AVENUE,26
Bronx,CRESTON AVENUE,26
Bronx,EDSON AVENUE,26
Staten Island,CARLTON BOULEVARD,26
Staten Island,PATTERSON AVENUE,26
Staten Island,LOCKMAN AVENUE,26
Bronx,CORNELL AVENUE,26
Staten Island,BUFFALO STREET,26
Bronx,ELY AVENUE,26
Brooklyn,QUINCY STREET,26
Staten Island,GUYON AVENUE,26
Staten Island,OAKDALE STREET,25
Staten Island,GREELEY AVENUE,25
Queens,CRONSTON AVENUE,25
Bronx,HOLLYWOOD AVENUE,25
Staten Island,TENNYSON DRIVE,25
Brooklyn,OVINGTON AVENUE,25
Brooklyn,RUBY STREET,25
Queens,LAURELTON PARKWAY,25
Bronx,MOUNT EDEN PARKWAY,25
Manhattan,CENTRAL PARK GREAT HILL,25
Staten Island,MOSEL AVENUE,25
Staten Island,SLOSSON AVENUE,25
Bronx,MILES AVENUE,25
Manhattan,BARUCH DRIVE,25
Bronx,DECATUR AVENUE,25
Bronx,CALHOUN AVENUE,25
Brooklyn,VARICK AVENUE,25
Queens,REVIEW AVENUE,25
Bronx,BRUSH AVENUE,25
Manhattan,CHATHAM SQUARE,25
Staten Island,ROSSVILLE AVENUE,25
Staten Island,WILLOW ROAD WEST,25
Staten Island,FOSTER ROAD,25
Manhattan,UNION SQUARE EAST,25
Bronx,SCHIEFFELIN AVENUE,25
Brooklyn,WARWICK STREET,25
Staten Island,QUINCY AVENUE,25
Brooklyn,LAKE AVENUE,25
Queens,CROCHERON AVENUE,25
Staten Island,BRADLEY AVENUE,25
Manhattan,COLUMBUS CIRCLE,24
Queens,HAWTREE CREEK ROAD,24
Staten Island,CEDAR GROVE AVENUE,24
Staten Island,TRANTOR PLACE,24
Brooklyn,WILSON STREET,24
Bronx,CLAREMONT PARKWAY,24
Queens,CROSS BAY PARKWAY,24
Brooklyn,STAGG WALK,24
Queens,DRY HARBOR ROAD,24
Brooklyn,MONTAUK AVENUE,24
Staten Island,WOOLLEY AVENUE,24
Bronx,KAPPOCK STREET,24
Manhattan,SUNKEN MEADOW LOOP,24
Staten Island,ARBUTUS AVENUE,24
Bronx,GRACE AVENUE,24
Queens,LGA TERMINALS C-D ACCESS ROAD,24
Bronx,DEBS PLACE,24
Queens,BAYVIEW AVENUE,24
Staten Island,EL CAMINO LOOP,24
Staten Island,GLEN STREET,24
Bronx,BUSSING AVENUE,24
Staten Island,ARTHUR KILL CORRECTIONAL FAC DY,24
Bronx,EAGLE AVENUE,24
Brooklyn,ROYCE STREET,24
Staten Island,CLARKE AVENUE,24
Staten Island,BRABANT STREET,24
Brooklyn,GATEWAY DRIVE,24
Manhattan,HAVEN AVENUE,24
Manhattan,PALADINO AVENUE,24
Bronx,GUNTHER AVENUE,24
Bronx,LEGGETT AVENUE,24
Staten Island,SHARROTTS ROAD,24
Staten Island,HARVEST AVENUE,24
Staten Island,CRAIG AVENUE,24
Bronx,SCHURZ AVENUE,24
Brooklyn,SACKMAN STREET,24
Bronx,NEILL AVENUE,23
Bronx,PROVOST AVENUE,23
Queens,CHERRY AVENUE,23
Staten Island,MOUNT LORETTO SR,23
Queens,EASTERN ROAD,23
Bronx,EAST MOSHOLU PARKWAY SOUTH,23
Bronx,ELLSWORTH AVENUE,23
Brooklyn,PULASKI STREET,23
Bronx,COOPER PLACE,23
Staten Island,MAINE AVENUE,23
Brooklyn,RIDGEWOOD AVENUE,23
Manhattan,PITT STREET,23
Staten Island,LACONIA AVENUE,23
Staten Island,SPRAGUE AVENUE,23
Bronx,BOGART AVENUE,23
Staten Island,MAPLE PARKWAY,23
Bronx,TAYLOR AVENUE,23
Staten Island,WESTERVELT AVENUE,23
Staten Island,WOODS OF ARDEN ROAD,23
Brooklyn,SACKETT STREET,23
Brooklyn,BQE EB ENTRANCE HAMILTON AVE,23
Staten Island,HAROLD AVENUE,23
Queens,SURREY PLACE,23
Staten Island,DAVIS AVENUE,23
Bronx,KAZIMIROFF NATURE TRAIL,23
Queens,MC LAUGHLIN AVENUE,23
Bronx,MARION AVENUE,23
Bronx,FULTON AVENUE,23
Brooklyn,WELLHOUSE DRIVE,23
Bronx,MELROSE AVENUE,23
Bronx,LELAND AVENUE,23
Manhattan,RIVERS EDGE ROAD,23
Brooklyn,SNEDIKER AVENUE,23
Bronx,MITSUBISHI WILD WETLAND TRAIL,23
Queens,JUNO STREET,22
Queens,OAK AVENUE,22
Brooklyn,RODNEY STREET,22
Queens,CALAMUS AVENUE,22
Bronx,LURTING AVENUE,22
Staten Island,SINCLAIR AVENUE,22
Staten Island,GULF AVENUE,22
Staten Island,BARLOW AVENUE,22
Queens,COLFAX STREET,22
Brooklyn,PROSPECT STREET,22
Bronx,COLLEGE AVENUE,22
Staten Island,SAND LANE,22
Bronx,MIDDLETOWN ROAD,22
Queens,WYCKOFF AVENUE,22
Bronx,COUNTRY CLUB ROAD,22
Bronx,SAMPSON AVENUE,22
Queens,JFK TERMINAL ACCESS ROAD,22
Bronx,OLINVILLE AVENUE,22
Manhattan,CRAIG ROAD NORTH,22
Queens,CENTER DRIVE,22
Manhattan,HELL GATE CIRCLE,22
Queens,GROTON STREET,22
Bronx,ORCHARD BEACH ROAD,22
Manhattan,PARK AVENUE VIADUCT,22
Manhattan,COMFORT ROAD,22
Manhattan,FDR DRIVE NB EN BROOKLYN BRDG,22
Bronx,ARTHUR AVENUE,22
Manhattan,RIVERSIDE BOULEVARD,22
Bronx,YATES AVENUE,22
Manhattan,VARICK STREET,21
Queens,CUNNINGHAM PARK SR,21
Bronx,TRINITY AVENUE,21
Queens,GOETHALS AVENUE,21
Staten Island,VAN NAME AVENUE,21
Bronx,LYDIG AVENUE,21
Bronx,WATERS PLACE,21
Bronx,NEEDHAM AVENUE,21
Manhattan,FDR DRIVE VIADUCT,21
Queens,KINGSBURY AVENUE,21
Bronx,ANDERSON AVENUE,21
Bronx,CROES AVENUE,21
Queens,MALBA DRIVE,21
Bronx,HUTCHINSON RIVER PKWY SB EN SHR,21
Bronx,WICKHAM AVENUE,21
Bronx,HUGHES AVENUE,21
Bronx,VAN CORTLANDT PARK EAST,21
Brooklyn,VANDERVOORT AVENUE,21
Staten Island,BRIGHTON AVENUE,21
Manhattan,RFK BR MANHATTAN ET RP RANDALLS,21
Manhattan,DYER AVENUE,21
Brooklyn,SCOTT AVENUE,21
Manhattan,MARGARET CORBIN DRIVE,21
Bronx,OLD PUTNAM TRAIL,21
Queens,HENLEY ROAD,21
Queens,THURSTON CREEK,21
Bronx,EASTCHESTER GRDNS HOUSES PED PTH,21
Brooklyn,BROWN STREET,21
Bronx,THIERIOT AVENUE,21
Staten Island,BARCLAY AVENUE,21
Queens,FERNSIDE PLACE,21
Queens,AUDLEY STREET,21
Staten Island,EXECUTIVE WAY,21
Bronx,MAYFLOWER AVENUE,21
Manhattan,STUYVESANT OVAL,21
Bronx,OGDEN AVENUE,21
Brooklyn,GUIDER AVENUE,21
Bronx,FENTON AVENUE,20
Bronx,FORT INDEPENDENCE STREET,20
Queens,OLIVE PLACE,20
Staten Island,LEVERETT AVENUE,20
Staten Island,OAK AVENUE,20
Bronx,SHAKESPEARE AVENUE,20
Queens,ROXBURY BOULEVARD,20
Bronx,HUGH J GRANT CIRCLE,20
Staten Island,ROBINSON AVENUE,20
Staten Island,BEDELL AVENUE,20
Queens,JAMAICA BAY WILDLIFE TRAIL,20
Staten Island,SOUTH GREENLEAF AVENUE,20
Staten Island,ILYSSA WAY,20
Brooklyn,SEIGEL STREET,20
Staten Island,FLAGG PLACE,20
Queens,PIDGEON MEADOW ROAD,20
Queens,ALBERT ROAD,20
Bronx,LAYTON AVENUE,20
Queens,QUEENS PLAZA NORTH,20
Bronx,HOME STREET,20
Bronx,CRUGER AVENUE,20
Bronx,MAGENTA STREET,20
Staten Island,HARBOR ROAD,20
Queens,ED KOCH BR UPPER RDWY ET THOMSON,20
Staten Island,WATERS AVENUE,20
Bronx,LAWTON AVENUE,20
Manhattan,GRESHAM ROAD,20
Brooklyn,LOUISIANA AVENUE,20
Staten Island,DELAFIELD AVENUE,20
Queens,CENTER BOULEVARD,20
Staten Island,LENEVAR AVENUE,20
Brooklyn,OSBORN STREET,20
Queens,CHURCH ROAD,20
Staten Island,WOODVALE AVENUE,20
Bronx,GEORGE R VIERNO CENTER ACCESS RD,20
Bronx,MONROE AVENUE,20
Brooklyn,NORTH PORTLAND AVENUE,20
Queens,BEECH COURT CIRCLE,20
Staten Island,LEONARD AVENUE,20
Brooklyn,JOHN WARREN AVENUE,20
Staten Island,POMPEY AVENUE,20
Manhattan,WARREN STREET,20
Staten Island,ALVERSON AVENUE,20
Staten Island,HAROLD STREET,20
Staten Island,BAYVIEW AVENUE,20
Queens,RAILROAD AVENUE,20
Queens,ALMEDA AVENUE,19
Brooklyn,NATIONAL DRIVE,19
Queens,VAN WYCK EXPWY NB EN UNION TPKE,19
Staten Island,MILFORD DRIVE,19
Staten Island,NOME AVENUE,19
Queens,PURITAN AVENUE,19
Staten Island,VERNON AVENUE,19
Staten Island,ROXBURY STREET,19
Bronx,HONE AVENUE,19
Queens,LINDEN PLACE,19
Bronx,GLEASON AVENUE,19
Bronx,ANTHONY AVENUE,19
Staten Island,CRYSTAL AVENUE,19
Staten Island,GRANTWOOD AVENUE,19
Bronx,HOLLERS AVENUE,19
Queens,WESTBOURNE AVENUE,19
Staten Island,YACHT CLUB COVE,19
Bronx,PENNYFIELD CAMP,19
Brooklyn,RICHARDS STREET,19
Staten Island,LAMBERTS LANE,19
Queens,WHITNEY AVENUE,19
Manhattan,PORT AUTHORITY BUS TERMINAL EXIT,19
Staten Island,BOARDWALK AVENUE,19
Bronx,DE REIMER AVENUE,19
Queens,BOOTH STREET,19
Queens,KESSEL STREET,19
Bronx,ST RAYMOND AVENUE,19
Staten Island,ST JOHNS AVENUE,19
Staten Island,MORNINGSTAR ROAD,19
Staten Island,YUKON AVENUE,19
Staten Island,WALKER STREET,19
Queens,DUNKIRK STREET,19
Staten Island,ISABELLA AVENUE,19
Staten Island,OSGOOD AVENUE,19
Queens,HOLLIS HILLS TERRACE,19
Queens,HUNTERS POINT AVENUE,19
Queens,TOTTEN AVENUE,19
Bronx,TIEBOUT AVENUE,19
Queens,ALSTYNE AVENUE,19
Queens,OCEANIA STREET,19
Staten Island,IONIA AVENUE,18
Manhattan,CATHEDRAL PARKWAY,18
Brooklyn,WYONA STREET,18
Staten Island,WILCOX STREET,18
Staten Island,HOLDRIDGE AVENUE,18
Brooklyn,EGAN STREET,18
Bronx,FOX STREET,18
Brooklyn,WARREN STREET,18
Brooklyn,COYLE STREET,18
Staten Island,ASHWORTH AVENUE,18
Manhattan,RIVERSIDE DRIVE WEST,18
Queens,VILLAGE ROAD,18
Staten Island,WOLFES POND PARK TRAIL,18
Bronx,ASCH LOOP,18
Manhattan,CATHERINE SLIP,18
Brooklyn,PAERDEGAT AVENUE NORTH,18
Bronx,HORIZON COURT,18
Bronx,RYAWA AVENUE,18
Staten Island,JANSEN STREET,18
Bronx,MATTHEWS AVENUE,18
Brooklyn,CAMPUS ROAD,18
Staten Island,DURANT AVENUE,18
Brooklyn,NORTH HENRY STREET,18
Staten Island,GRANDVIEW AVENUE,18
Bronx,BARKLEY AVENUE,18
Staten Island,PURDY AVENUE,18
Queens,LIBERTY LANE,18
Staten Island,STATEN ISLAND MALL ACCESS ROAD,18
Bronx,EDGEWATER ROAD,18
Queens,SPENCER AVENUE,18
Manhattan,WILLIAM STREET,18
Queens,VAN WYCK EP SB EN ASTORIA BL,18
Queens,DARTMOUTH STREET,18
Bronx,JUNGLE WORLD ROAD,18
Bronx,JOHN KIERAN NATURE TRAIL,18
Staten Island,ELLSWORTH AVENUE,18
Bronx,BLONDELL AVENUE,18
Queens,NORTH HANGAR ROAD,18
Queens,SHORE PARKWAY,18
Staten Island,SKYLINE DRIVE,18
Bronx,STADIUM AVENUE,18
Queens,INGRAM STREET,18
Bronx,UNDERCLIFF AVENUE,18
Bronx,FEATHERBED LANE,18
Brooklyn,RUGBY ROAD,18
Bronx,BOYNTON AVENUE,18
Brooklyn,WEST BRIGHTON AVENUE,18
Queens,COLDEN STREET,18
Brooklyn,SCHROEDERS AVENUE,18
Queens,ED KOCH BR UPPER RDWY EN THOMSON,18
Bronx,SWINTON AVENUE,18
Staten Island,JOLINE AVENUE,18
Queens,SAULTELL AVENUE,18
Queens,OCEAN AVENUE,18
Staten Island,RIEDEL AVENUE,18
Queens,HILLCREST WALK,17
Bronx,KEARNEY AVENUE,17
Bronx,HEATH AVENUE,17
Queens,JACKIE ROBINSON PARKWAY EN WB,17
Staten Island,EDGEGROVE AVENUE,17
Queens,ELDERT LANE,17
Bronx,BRUNER AVENUE,17
Bronx,SHERIDAN BOULEVARD NORTHBOUND ET,17
Staten Island,KOCH BOULEVARD,17
Bronx,MOSHOLU AVENUE,17
Bronx,MICKLE AVENUE,17
Staten Island,ENGLEWOOD AVENUE,17
Manhattan,BARUCH PLACE,17
Staten Island,SHARROTT AVENUE,17
Staten Island,ARLENE STREET,17
Brooklyn,CENTER DRIVE,17
Staten Island,HUDSON ROAD,17
Bronx,HEWITT PLACE,17
Bronx,HOBART AVENUE,17
Staten Island,PARKVIEW LOOP,17
Bronx,EAST MOUNT EDEN AVENUE,17
Queens,EAST HAMPTON BOULEVARD,17
Queens,PALERMO STREET,17
Bronx,CROSS BRONX EP ET TO BRUCKNER EP,17
Bronx,WEST MOSHOLU PARKWAY SOUTH,17
Brooklyn,FORD STREET,17
Staten Island,LATHROP AVENUE,17
Bronx,EDSALL AVENUE,17
Queens,CONTINENTAL AVENUE,17
Bronx,SHERMAN AVENUE,17
Bronx,WEBB AVENUE,17
Brooklyn,WALLABOUT STREET,17
Staten Island,PARKINSON AVENUE,17
Staten Island,GENESEE AVENUE,17
Queens,AMSTEL BOULEVARD,17
Staten Island,LITTLE CLOVE ROAD,17
Queens,FITCHETT STREET,17
Staten Island,BEACH AVENUE,17
Staten Island,CLIFTON AVENUE,17
Queens,ELMHURST AVENUE,17
Staten Island,KRAMER STREET,17
Queens,HOOVER AVENUE,17
Bronx,COLDEN AVENUE,17
Queens,LIVERPOOL STREET,17
Manhattan,EAST END AVENUE,17
Bronx,CROTONA PARKWAY,17
Staten Island,SHELDON AVENUE,17
Staten Island,CORSON AVENUE,17
Bronx,POST ROAD,17
Staten Island,LOIS LANE,17
Bronx,SACKET AVENUE,17
Queens,EAST WILLISTON AVENUE,17
Bronx,INDIAN TRAIL,17
Staten Island,S BEACH BEHAVIORAL HEALTH CTR DY,17
Bronx,VAN CORTLANDT AVENUE WEST,17
Brooklyn,WILLIAMSBURG ST WEST,17
Queens,BROWVALE LANE,17
Staten Island,PELTON AVENUE,17
Bronx,EDENWALD AVENUE,17
Queens,HERO ROAD,17
Staten Island,WEST SERVICE ROAD,17
Manhattan,METRO NORTH-HARLEM/HUDSON LINES,17
Staten Island,SELMOFF LANE,17
Staten Island,HOLTEN AVENUE,16
Staten Island,AUBURN AVENUE,16
Manhattan,ST NICHOLAS PLACE,16
Staten Island,HEBERTON AVENUE,16
Staten Island,MILLER FIELD,16
Brooklyn,BELT PARKWAY EB EN RIDGE BLVD,16
Bronx,ST LAWRENCE AVENUE,16
Bronx,ANDREWS AVENUE SOUTH,16
Bronx,HUTCHINSON RIVER PKWY NB EN SHR,16
Staten Island,RAMONA AVENUE,16
Staten Island,PLEASANT PLAINS AVENUE,16
Bronx,GILDERSLEEVE AVENUE,16
Staten Island,HART BOULEVARD,16
Queens,GRANDVIEW AVENUE,16
Queens,LABURNUM AVENUE,16
Bronx,SHERIDAN BLVD NB EN HUNTS PT AV,16
Brooklyn,WILLOUGHBY STREET,16
Bronx,VAN CORTLANDT AVENUE EAST,16
Queens,CROSS IS PY EB EN THROGS NECK BR,16
Staten Island,WILD AVENUE,16
Staten Island,RENSSELAER AVENUE,16
Queens,FAR ROCKAWAY BOULEVARD,16
Brooklyn,SHORE ROAD DRIVE,16
Queens,PUTNAM AVENUE,16
Bronx,WALDO AVENUE,16
Queens,BEDELL STREET,16
Bronx,PIERCE AVENUE,16
Bronx,PRATT AVENUE,16
Brooklyn,WESTMINSTER ROAD,16
Bronx,HERING AVENUE,16
Manhattan,TERRACE DRIVE,16
Staten Island,BILLOP AVENUE,16
Staten Island,BUEL AVENUE,16
Staten Island,ST AUSTINS PLACE,16
Bronx,CROTONA PARK NORTH,16
Queens,VAN HORN STREET,16
Staten Island,NAUGHTON AVENUE,16
Queens,SELFRIDGE STREET,16
Staten Island,ABINGDON AVENUE,16
Bronx,PITMAN AVENUE,16
Staten Island,POST AVENUE,16
Bronx,GARRISON AVENUE,16
Queens,COURT SQUARE,16
Queens,RANGE ROAD,16
Bronx,DELAFIELD AVENUE,16
Queens,BOAT BASIN PLACE,16
Staten Island,ALBEE AVENUE,16
Brooklyn,CASS PLACE,16
Bronx,COMMONWEALTH AVENUE,16
Manhattan,NORTH RIVER PIERS,16
Bronx,PEARTREE AVENUE,16
Queens,FOOTHILL AVENUE,16
Manhattan,DIVISION ROAD,16
Staten Island,LAKE AVENUE,16
Queens,OAK PARK DRIVE,16
Staten Island,EDINBORO ROAD,16
Bronx,RADCLIFF AVENUE,16
Bronx,WALES AVENUE,16
Brooklyn,SOUTH STREET,16
Queens,BAYSIDE DRIVE,16
Queens,UNIVERSITY ROAD,16
Brooklyn,PARK CIRCLE,16
Queens,FEDERAL CIRCLE,16
Staten Island,MILES AVENUE,16
Staten Island,NETHERLAND AVENUE,15
Queens,CENTREVILLE STREET,15
Bronx,SYCAMORE AVENUE,15
Staten Island,POILLON AVENUE,15
Bronx,SOUNDVIEW ROAD,15
Staten Island,BURGHER AVENUE,15
Staten Island,DELMAR AVENUE,15
Staten Island,BROOKSIDE LOOP,15
Brooklyn,RICHARDSON STREET,15
Queens,WETHEROLE STREET,15
Staten Island,LIPSETT AVENUE,15
Bronx,TENBROECK AVENUE,15
Staten Island,BADEN PLACE,15
Brooklyn,RYDER STREET,15
Queens,MONTAUK STREET,15
Queens,THURSBY AVENUE,15
Staten Island,MEREDITH AVENUE,15
Manhattan,PLAY WAY,15
Queens,FAIRVIEW AVENUE,15
Staten Island,SCHMIDTS LANE,15
Queens,PALMETTO STREET,15
Bronx,BIVONA STREET,15
Bronx,CROSS BX EP NB EN WASHINGTON BR,15
Staten Island,COLON AVENUE,15
Staten Island,FDR BOARDWALK,15
Staten Island,GREENFIELD AVENUE,15
Staten Island,GINA COURT,15
Staten Island,NICHOLAS AVENUE,15
Staten Island,OCEANSIDE AVENUE,15
Brooklyn,THAMES STREET,15
Queens,OAK ALLEE PROMENADE,15
Manhattan,BARROW STREET,15
Staten Island,RATHBUN AVENUE,15
Bronx,TIEMANN AVENUE,15
Queens,BOULEVARD,15
Brooklyn,WAVERLY AVENUE,15
Bronx,TIBBETT AVENUE,15
Bronx,GLEBE AVENUE,15
Staten Island,ST GEORGE ROAD,15
Brooklyn,COLUMBIA HEIGHTS,15
Staten Island,KOREAN VETS PARKWAY EXIT WB,15
Queens,MALCOLM X PROMENADE,15
Bronx,POPHAM AVENUE,15
Staten Island,HILLSIDE TERRACE,15
Brooklyn,SEBA AVENUE,15
Bronx,PAUL AVENUE,15
Brooklyn,METROTECH CENTER,15
Staten Island,CORBIN AVENUE,15
Bronx,ADMINISTRATION HILL,15
Queens,VERMONT PLACE,15
Staten Island,STATEN IS MALL DRIVE,15
Brooklyn,CYRUS AVENUE,15
Bronx,MAJOR DEEGAN EP SB EN JEROME AV,15
Bronx,GRENADA PLACE,15
Queens,SANTIAGO STREET,15
Bronx,FORDHAM HILL OVAL,15
Staten Island,PLATINUM AVENUE,15
Staten Island,CASSIDY PLACE,15
Queens,EDGEWOOD AVENUE,15
Brooklyn,SAPPHIRE STREET,15
Queens,LAKEWOOD AVENUE,15
Bronx,REVERE AVENUE,15
Queens,CRYDERS LANE,15
Bronx,ALDEN PARK,15
Staten Island,LIVERMORE AVENUE,15
Staten Island,PRESTON AVENUE,15
Bronx,CAMBRELENG AVENUE,15
Brooklyn,MONUMENT WALK,15
Staten Island,LA GUARDIA AVENUE,15
Staten Island,RIDGECREST AVENUE,15
Staten Island,O'GORMAN AVENUE,15
Staten Island,CLEVELAND AVENUE,15
Queens,LIE WB ENTRANCE QUEENS BLVD,15
Queens,DEPOT ROAD,15
Brooklyn,FANE COURT,15
Queens,UNITED NATIONS AVENUE SOUTH,15
Brooklyn,MCGUINNESS BLVD SOUTH,15
Queens,REMINGTON STREET,15
Bronx,KING AVENUE,15
Manhattan,PENN PLAZA,15
Staten Island,ROBIN ROAD,15
Queens,LGA TERMINALS B-C-D ACCESS ROAD,15
Brooklyn,DUFFIELD STREET,15
Queens,SEA BREEZE AVENUE,15
Queens,OTTO ROAD,14
Queens,HUXLEY STREET,14
Bronx,LOUIS NINE BOULEVARD,14
Manhattan,BRADHURST AVENUE,14
Bronx,BEAUMONT AVENUE,14
Staten Island,ST ANDREWS ROAD,14
Bronx,DAWSON STREET,14
Manhattan,GREENWICH AVENUE,14
Staten Island,WESTERN AVENUE,14
Brooklyn,EVERETT AVENUE,14
Manhattan,REILLY BOULEVARD,14
Queens,RUST STREET,14
Staten Island,GORDON STREET,14
Manhattan,CRAIG ROAD SOUTH,14
Bronx,VIELE AVENUE,14
Queens,BQE WB EN LAUREL HILL BLVD WB,14
Manhattan,CLAREMONT AVENUE,14
Queens,NORTH DRIVE,14
Queens,CHEVY CHASE STREET,14
Queens,WOODHULL AVENUE,14
Bronx,SHORE DRIVE,14
Staten Island,WINANT AVENUE,14
Staten Island,ST PAULS AVENUE,14
Queens,BROOKHAVEN AVENUE,14
Staten Island,CARTERET STREET,14
Queens,HANNIBAL STREET,14
Bronx,SHERIDAN BOULEVARD SOUTHBOUND ET,14
Brooklyn,TAYLOR STREET,14
Manhattan,K ROAD,14
Staten Island,VAN PELT AVENUE,14
Bronx,MDE SB ENTRANCE GRAND CNCRSE,14
Bronx,MINNIEFORD AVENUE,14
Brooklyn,LAKE PLACE,14
Queens,RENTAL CAR NORTH,14
Queens,UNITED NATIONS AVENUE NORTH,14
Bronx,LOGAN AVENUE,14
Brooklyn,ST EDWARDS STREET,14
Queens,SERGEANT BEERS LOOP,14
Staten Island,FOUR CORNERS ROAD,14
Staten Island,BELFIELD AVENUE,14
Queens,BEECH AVENUE,14
Queens,MELBOURNE AVENUE,14
Queens,MEMPHIS AVENUE,14
Staten Island,OLD TOWN ROAD,14
Staten Island,HANOVER AVENUE,14
Bronx,ELTON AVENUE,14
Queens,CAFFREY AVENUE,14
Staten Island,DECKER AVENUE,14
Bronx,WILKINSON AVENUE,14
Brooklyn,HIGHLAWN AVENUE,14
Staten Island,HAMPTON GREEN,14
Staten Island,ADELAIDE AVENUE,14
Staten Island,ARDSLEY STREET,14
Staten Island,LAMPED LOOP,14
Brooklyn,BARTLETT PLACE,14
Queens,EAST DRIVE,14
Queens,GLENWOOD STREET,14
Queens,HAZEN STREET,14
Queens,KNEELAND AVENUE,14
Staten Island,CEDAR GROVE BEACH PLACE,14
Queens,MARINE PY-GIL HODGES MEMORIAL BR,14
Bronx,WHITLOCK AVENUE,14
Staten Island,LAMONT AVENUE,14
Bronx,CITY ISLAND ROAD,14
Manhattan,CBE EB EXIT UNIVERSITY AVE,14
Bronx,SEYMOUR AVENUE,14
Bronx,WEEKS AVENUE,14
Queens,BERT ROAD,14
Staten Island,JOHNSTON TERRACE,14
Manhattan,VESEY STREET,14
Bronx,TOWNSEND AVENUE,14
Bronx,CHARLES J CRIMI ROAD,14
Bronx,RESERVOIR AVENUE,14
Queens,BELKNAP STREET,14
Bronx,ERSKINE PLACE,14
Staten Island,COVINGTON CIRCLE,14
Staten Island,ROSS AVENUE,14
Queens,CAROUSEL LOOP,14
Staten Island,DRAPER PLACE,14
Staten Island,TIMBER RIDGE DRIVE,14
Bronx,DEWITT PLACE,14
Bronx,ORCHARD BEACH BOARDWALK,14
Bronx,FISH AVENUE,14
Staten Island,CROWN AVENUE,14
Staten Island,EDISON STREET,14
Bronx,METROPOLITAN OVAL,14
Queens,LGA TERMINAL B ARRIVALS ROAD,13
Bronx,PELHAM BAY PARK SPLIT ROCK TRAIL,13
Staten Island,GURLEY AVENUE,13
Staten Island,MARSH AVENUE,13
Bronx,AZALEA WAY,13
Staten Island,SURF AVENUE,13
Bronx,GARDEN WAY,13
Staten Island,GARRETSON AVENUE,13
Staten Island,YORK AVENUE,13
Bronx,HARROD AVENUE,13
Staten Island,SNUG HARBOR ROAD,13
Staten Island,MARYLAND AVENUE,13
Queens,HARROW STREET,13
Queens,AVENUE OF THE STATES NORTH,13
Staten Island,TILLMAN STREET,13
Queens,BEACH FRONT ROAD,13
Staten Island,NIPPON AVENUE,13
Staten Island,CORRELL AVENUE,13
Bronx,OTIS AVENUE,13
Queens,VANDERVEER STREET,13
Staten Island,SIGNAL HILL ROAD,13
Manhattan,RFK BR QUEENS ET RP RANDALLS IS,13
Staten Island,GANSEVOORT BOULEVARD,13
Queens,MEADOW LAKE ROAD EAST,13
Queens,KENO AVENUE,13
Queens,GRASSMERE TERRACE,13
Queens,CREST ROAD,13
Queens,HOYT AVENUE SOUTH,13
Staten Island,COLONIAL COURT,13
Brooklyn,WATKINS STREET,13
Staten Island,GOWER STREET,13
Brooklyn,SEA GATE AVENUE,13
Queens,JUNIPER BOULEVARD NORTH,13
Queens,WOODBINE STREET,13
Queens,FLORAL COURT,13
Brooklyn,STUART STREET,13
Queens,MARINETTE STREET,13
Queens,CAMP ROAD,13
Staten Island,WINDHAM LOOP,13
Bronx,MANIDA STREET,13
Queens,WESTMORELAND STREET,13
Brooklyn,THATFORD AVENUE,13
Brooklyn,VETERANS AVENUE,13
Brooklyn,UNDERHILL AVENUE,13
Manhattan,SUNKEN GARDEN LOOP,13
Staten Island,RIDGEWOOD AVENUE,13
Staten Island,CUNNINGHAM ROAD,13
Bronx,CROSBY AVENUE,13
Queens,MARTENSE AVENUE,13
Bronx,MORRISON AVENUE,13
Brooklyn,PLYMOUTH STREET,13
Queens,SOUTHGATE PLAZA,13
Bronx,PELHAM BAY PARK SIWANOY TRAIL,13
Bronx,DONIZETTI PLACE,13
Queens,HENDERSON AVENUE,13
Staten Island,MONTREAL AVENUE,13
Bronx,BULLARD AVENUE,13
Bronx,RANAQUA LOOP,13
Staten Island,MOSELY AVENUE,13
Brooklyn,STRATFORD ROAD,13
Manhattan,UNION SQUARE,13
Brooklyn,GREENWOOD CEMETERY PONDS SHL,13
Manhattan,PATH BUS TRML ENTRANCE DYER AVE,13
Staten Island,CITY BOULEVARD,13
Bronx,GREYSTONE AVENUE,13
Brooklyn,BQE EB EN WILLIAMSBURG BRDG,13
Queens,CATALPA AVENUE,13
Staten Island,STANLEY AVENUE,13
Queens,SERVICE ROAD,13
Manhattan,FDR DRIVE NB ENTRANCE YORK AVE,13
Manhattan,RESERVOIR LOOP,13
Bronx,HAMMERSLEY AVENUE,13
Bronx,ROBERTS AVENUE,13
Staten Island,EYLANDT STREET,13
Bronx,PEARSALL AVENUE,13
Manhattan,CBE NB ENTRANCE RIVERSIDE DRV,13
Bronx,PURDY STREET,13
Staten Island,LINDENWOOD ROAD,13
Manhattan,LA SALLE STREET,13
Queens,PARK DRIVE EAST,13
Queens,JACKSON MILL ROAD,13
Queens,REEVES AVENUE,13
Bronx,ZULETTE AVENUE,13
Queens,LGA TERMINAL B DEPARTURES ROAD,13
Queens,MARSDEN STREET,13
Bronx,SEXTON PLACE,13
Staten Island,ST MARYS AVENUE,13
Staten Island,ROSE AVENUE,13
Manhattan,ST NICHOLAS TERRACE,13
Queens,DICKENS STREET,13
Brooklyn,TRUXTON STREET,13
Bronx,BRUCKNER EP WB EN BRUCKNER INT,13
Staten Island,PRESENTATION CIRCLE,13
Brooklyn,BELT PARKWAY WB EN CONEY IS AVE,13
Staten Island,REID AVENUE,13
Bronx,STRANG AVENUE,13
Staten Island,GREAT KILLS ROAD,13
Bronx,BARKER AVENUE,13
Bronx,CEDAR AVENUE,13
Bronx,MONTGOMERY AVENUE,13
Staten Island,REDWOOD LOOP,13
Brooklyn,BOARDWALK EAST,13
Staten Island,HENRY KAUFMANN CAMPGROUNDS DRVWY,13
Staten Island,CORTELYOU AVENUE,13
Bronx,SCHERVIER NURSING CARE CTR DRVWY,13
Staten Island,SHIRLEY AVENUE,13
Bronx,PHILIP AVENUE,13
Brooklyn,VAN SICKLEN STREET,13
Staten Island,DEWEY AVENUE,13
Queens,OCEAN CREST BOULEVARD,13
Staten Island,CAMPUS ROAD,13
Staten Island,CHELSEA ROAD,13
Queens,PLAINVIEW AVENUE,13
Queens,LANGDALE STREET,13
Bronx,SHEPARD AVENUE,13
Queens,CATAMARAN WAY,12
Queens,NEPONSIT AVENUE,12
Brooklyn,SHERIDAN AVENUE,12
Queens,CROSS BAY VETERANS MEMORIAL BRDG,12
Bronx,DICKINSON AVENUE,12
Bronx,TIMPSON PLACE,12
Queens,ROY WILKINS PARK ENTRANCE,12
Queens,NORTON AVENUE,12
Queens,SEA BREEZE WALK,12
Brooklyn,MALTA STREET,12
Queens,JACOB RIIS BOARDWALK,12
Brooklyn,LOIS AVENUE,12
Queens,GETTYSBURG STREET,12
Bronx,KELLY STREET,12
Queens,CHARTER ROAD,12
Staten Island,WILDER AVENUE,12
Manhattan,FORT GEORGE HILL,12
Brooklyn,ROSS STREET,12
Staten Island,GETZ AVENUE,12
Queens,CIRCLE DRIVE,12
Manhattan,PIKE SLIP,12
Bronx,VINCENT AVENUE,12
Manhattan,EAST MAIN STREET,12
Manhattan,BEDFORD STREET,12
Bronx,WEST BURNSIDE AVENUE,12
Queens,PATH OF PROGRESS,12
Queens,RIDGE ROAD,12
Staten Island,WOODCUTTERS LANE,12
Manhattan,PINEHURST AVENUE,12
Brooklyn,VERNON AVENUE,12
Queens,ABERDEEN ROAD,12
Bronx,DREISER LOOP,12
Queens,WEXFORD TERRACE,12
Manhattan,HENRY HUDSON PARKWAY ENTRANCE NB,12
Staten Island,WIMAN AVENUE,12
Staten Island,MANSION AVENUE,12
Bronx,MDE NB ENTRANCE WILLIS AVE BRDG,12
Bronx,MARMION AVENUE,12
Manhattan,SEAMAN AVENUE,12
Bronx,IRWIN AVENUE,12
Staten Island,PORTAGE AVENUE,12
Staten Island,ADAMS AVENUE,12
Brooklyn,SHERIDAN LOOP,12
Staten Island,BUSH AVENUE,12
Staten Island,BENEDICT ROAD,12
Bronx,MCCLELLAN STREET,12
Bronx,MOUNT HOPE PLACE,12
Manhattan,THOMPSON STREET,12
Staten Island,NORWAY AVENUE,12
Queens,FOUNTAIN OF THE PLANETS PR,12
Staten Island,SIMONSON AVENUE,12
Staten Island,WEED ROAD,12
Staten Island,STAFFORD AVENUE,12
Manhattan,WASHINGTON SQUARE SOUTH,12
Manhattan,GRAMERCY PARK SOUTH,12
Queens,SPRINGFIELD LANE,12
Queens,WEEKS LANE,12
Queens,NATIONAL STREET,12
Brooklyn,KINGSBORO PSYCHIATRIC CTR DRVWY,12
Bronx,BAISLEY AVENUE,12
Manhattan,MACOMBS PLACE,12
Staten Island,THOMAS STREET,12
Staten Island,MANCHESTER DRIVE,12
Queens,SEASONGOOD ROAD,12
Bronx,WILDER AVENUE,12
Staten Island,COLLFIELD AVENUE,12
Queens,COOLIDGE AVENUE,12
Staten Island,PITTSVILLE AVENUE,12
Queens,AUBURNDALE LANE,12
Bronx,VIRGINIA AVENUE,12
Staten Island,ROLLING HILL GREEN,12
Staten Island,MONAHAN AVENUE,12
Queens,HOLLYWOOD AVENUE,12
Staten Island,TOMPKINS CIRCLE,12
Queens,NEW HAVEN AVENUE,12
Staten Island,W SHORE EXPWY NB EN PRK & RIDE,12
Bronx,ORLOFF AVENUE,12
Bronx,MITSUBISHI RIVER WALK,12
Queens,WEST MARKET STREET,12
Staten Island,MEISNER AVENUE,12
Staten Island,VINELAND AVENUE,12
Bronx,PALMER AVENUE,12
Bronx,BRUCKNER EP EB EN MJR DEEGAN EP,12
Bronx,PERRY AVENUE,12
Bronx,CONCORD AVENUE,12
Staten Island,THORNYCROFT AVENUE,12
Queens,BEECHKNOLL ROAD,12
Staten Island,CODY PLACE,12
Brooklyn,MC KINLEY AVENUE,12
Manhattan,HAY ROAD,12
Brooklyn,WEIRFIELD STREET,12
Queens,REDFERN AVENUE,12
Bronx,HOFFMAN STREET,12
Staten Island,MORANI STREET,12
Staten Island,WARREN STREET,12
Bronx,EAST MOSHOLU PARKWAY NORTH,12
Queens,SOUTH SERVICE ROAD,12
Queens,DALNY ROAD,12
Queens,MERRILL STREET,12
Staten Island,CIRCLE ROAD,12
Staten Island,OAKLAND AVENUE,12
Queens,LIE EB ENTRANCE QUEENS BLVD,12
Staten Island,ALTER AVENUE,11
Staten Island,HOLDEN BOULEVARD,11
Staten Island,HALPIN AVENUE,11
Bronx,SCHIEFFELIN PLACE,11
Brooklyn,SUYDAM STREET,11
Queens,MURRAY AVENUE,11
Queens,DUNTON AVENUE,11
Brooklyn,GOWANUS EP WB EN HUGH CAREY TNNL,11
Queens,BAYSIDE LANE,11
Bronx,ROMBOUTS AVENUE,11
Queens,LUCAS STREET,11
Staten Island,WELLINGTON COURT,11
Bronx,GOULDEN AVENUE,11
Bronx,O'BRIEN AVENUE,11
Manhattan,MANGIN STREET,11
Queens,ST FELIX AVENUE,11
Brooklyn,VERRAZZANO BR LOWERDECK EN GOE,11
Brooklyn,STOCKHOLM STREET,11
Queens,WELLER LANE,11
Bronx,ST MARYS STREET,11
Queens,VIRGINIA STREET,11
Queens,HOYT AVENUE NORTH,11
Staten Island,DEISIUS STREET,11
Bronx,BRUCKNER BL NB EN HAVEMEYER AVE,11
Staten Island,SLATER BOULEVARD,11
Queens,REID AVENUE,11
Manhattan,RFK BR EN FDR AND HARLEM RVR DRV,11
Queens,MARINE PARKWAY BR EXIT,11
Bronx,MCGRAW AVENUE,11
Staten Island,LONGVIEW ROAD,11
Bronx,COMMERCE AVENUE,11
Staten Island,CROMWELL AVENUE,11
Bronx,JESUP AVENUE,11
Staten Island,QUEEN STREET,11
Bronx,HUTCHINSON RVR PY NB EN BRUCKNER,11
Brooklyn,BUSH STREET,11
Bronx,ISLAND POINT,11
Staten Island,WESTCOTT BOULEVARD,11
Queens,WILLIAMS COURT,11
Staten Island,CEDAR AVENUE,11
Queens,CHANNEL ROAD,11
Queens,GENERAL BERRY ROAD,11
Staten Island,SILVER LAKE PARK ROAD,11
Bronx,ORCHARD BEACH BUS TERMINAL LOOP,11
Brooklyn,MAYFAIR DRIVE SOUTH,11
Manhattan,CENTRAL PARK NORTH,11
Manhattan,TIMES SQUARE,11
Staten Island,VIRGINIA AVENUE,11
Queens,FOREST ROAD,11
Manhattan,HUDSON YARDS,11
Queens,LEEDS ROAD,11
Staten Island,SEGUINE LOOP,11
Queens,ROXBURY TERRACE,11
Bronx,GRISWOLD AVENUE,11
Queens,CROSS IS PKWY NB EN TOTTEN AVE,11
Queens,BQE EB ENTRANCE QUEENS BLVD WB,11
Queens,LGA TERMINALS C-D ARRIVALS ROAD,11
Bronx,MURDOCK AVENUE,11
Staten Island,POND WAY,11
Bronx,X STREET,11
Queens,BURLING STREET,11
Staten Island,HETT AVENUE,11
Staten Island,LUDWIG LANE,11
Brooklyn,NORTH ELLIOTT WALK,11
Queens,HEINZELMAN ROAD,11
Bronx,MACLAY AVENUE,11
Staten Island,STUYVESANT PLACE,11
Queens,GROSVENOR STREET,11
Bronx,DEFOE PLACE,11
Staten Island,MELBA STREET,11
Staten Island,PENDALE STREET,11
Staten Island,USS TENNESSEE ROAD,11
Staten Island,SOUTH GOFF AVENUE,11
Bronx,BRADY AVENUE,11
Staten Island,HILLCREST STREET,11
Queens,MEEHAN AVENUE,11
Queens,PATH OF COMMERCE,11
Manhattan,PETER COOPER ROAD,11
Queens,GRAND CENTRAL PY EB EN VAN WYCK,11
Queens,MEYER AVENUE,11
Queens,COUNTRY POINTE CIRCLE,11
Staten Island,DELAWARE AVENUE,11
Queens,DAVENPORT COURT,11
Bronx,SPAULDING LANE,11
Brooklyn,WILLMOHR STREET,11
Bronx,CRANFORD AVENUE,11
Queens,GRAND CENTRAL PY WB EN VAN WYCK,11
Queens,NAMEOKE AVENUE,11
Staten Island,BERTRAM AVENUE,11
Staten Island,WATERSIDE PARKWAY,11
Brooklyn,NOEL AVENUE,11
Manhattan,CHARLES GAY LOOP,11
Manhattan,SHERMAN AVENUE,11
Bronx,CORLEAR AVENUE,11
Bronx,MEAGHER AVENUE,11
Staten Island,EDGEWATER STREET,11
Queens,WHITSON STREET,11
Staten Island,ELTINGVILLE BOULEVARD,11
Staten Island,ST MARKS PLACE,11
Queens,IVY CLOSE,11
Queens,LGA TERMINAL ACCESS ROAD,11
Bronx,EARHART LANE,11
Bronx,BECK STREET,11
Staten Island,COLONY AVENUE,11
Bronx,FORDHAM STREET,11
Queens,ANDREWS AVENUE,11
Bronx,FIELD PLACE,11
Brooklyn,SEELEY STREET,11
Manhattan,ED KOCH QBORO BRG UPPER LVL EN,11
Queens,OLD SOUTH ROAD,11
Queens,HONEYWELL STREET,11
Queens,LIE EB ENTRANCE GREENPOINT AVE,11
Queens,TYLER AVENUE,11
Staten Island,JUSTIN AVENUE,11
Staten Island,HUSSON STREET,11
Staten Island,MONT SEC AVENUE,11
Staten Island,SHORE ROAD,11
Bronx,EAST BAY AVENUE,11
Bronx,BRUCKNER EP WB EN SHERIDAN BL,11
Manhattan,CLAYTON ROAD,11
Staten Island,SATTERLEE STREET,11
Queens,GIPSON STREET,11
Bronx,EXECUTIVE ROAD,11
Staten Island,TYLER AVENUE,11
Queens,BARCLAY AVENUE,11
Staten Island,PARK STREET,10
Brooklyn,OTSEGO STREET,10
Staten Island,KLONDIKE AVENUE,10
Bronx,PARKER STREET,10
Staten Island,ALEX CIRCLE,10
Staten Island,EBBITTS STREET,10
Bronx,OUTLOOK AVENUE,10
Queens,KENMORE ROAD,10
Bronx,NEWBOLD AVENUE,10
Queens,MOUNT OLIVET CRESCENT,10
Brooklyn,POLY PREP DRIVE,10
Bronx,TURNBULL AVENUE,10
Staten Island,NEVADA AVENUE,10
Queens,CORAL REEF WAY,10
Staten Island,VAIL AVENUE,10
Staten Island,NIXON AVENUE,10
Staten Island,ANDERSON STREET,10
Bronx,BLACKSTONE AVENUE,10
Queens,RUSHMORE AVENUE,10
Staten Island,AMSTERDAM PLACE,10
Staten Island,KINGHORN STREET,10
Bronx,BRIGGS AVENUE,10
Staten Island,REYNOLDS STREET,10
Brooklyn,GOWANUS EXPWY WB EN HAMILTON AVE,10
Staten Island,ELSON STREET,10
Staten Island,CARMEL COURT,10
Staten Island,ALBOURNE AVENUE,10
Staten Island,CENTER STREET,10
Queens,BAYSWATER AVENUE,10
Bronx,AMPERE AVENUE,10
Staten Island,ELLICOTT PLACE,10
Brooklyn,BROOKLYN TERMINAL MARKET,10
Staten Island,WINCHESTER AVENUE,10
Brooklyn,POWERS STREET,10
Brooklyn,MADOC AVENUE,10
Queens,VAN WYCK EP NB EN COLLEGE PT BL,10
Staten Island,BROOKSIDE AVENUE,10
Bronx,GOODRIDGE AVENUE,10
Staten Island,BRIGHTON STREET,10
Bronx,LONGSTREET AVENUE,10
Bronx,GROTE STREET,10
Staten Island,HOPKINS AVENUE,10
Brooklyn,SENATOR STREET,10
Queens,DUANE ROAD,10
Queens,KNOLLWOOD PARK CEMETERY BDY,10
Queens,ARLEIGH ROAD,10
Staten Island,AMANDA COURT,10
Bronx,LANE AVENUE,10
Bronx,WILCOX AVENUE,10
Manhattan,WATTS STREET,10
Staten Island,ELLIS STREET,10
Bronx,BOLLER AVENUE,10
Staten Island,COVERLY AVENUE,10
Queens,NURGE AVENUE,10
Bronx,DARROW PLACE,10
Bronx,LA SALLE AVENUE,10
Staten Island,SIGNS ROAD,10
Brooklyn,WHITE AVENUE,10
Brooklyn,PROVOST STREET,10
Staten Island,HEENAN AVENUE,10
Bronx,BUHRE AVENUE,10
Staten Island,WOEHRLE AVENUE,10
Brooklyn,GOWANUS PROMENADE WEST,10
Queens,MANSE STREET,10
Staten Island,SOUTH RAILROAD STREET,10
Brooklyn,AMBER STREET,10
Queens,ASTRONAUT COURT,10
Queens,SEAVER WAY,10
Queens,LGA TERMINAL C DEPARTURES ROAD,10
Staten Island,EMMET AVENUE,10
Queens,BREVOORT STREET,10
Bronx,PARKCHESTER ROAD,10
Brooklyn,OCEANA DRIVE WEST,10
Bronx,CONCOURSE VILLAGE EAST,10
Staten Island,BATTERY ROAD,10
Staten Island,FANNING STREET,10
Staten Island,BUTTONWOOD ROAD,10
Staten Island,WILSON TERRACE,10
Queens,AVENUE OF THE STATES SOUTH,10
Brooklyn,PERRY AVENUE,10
Brooklyn,MARSHALL DRIVE,10
Staten Island,INNIS STREET,10
Queens,HEYSON ROAD,10
Staten Island,DOVER GREEN,10
Staten Island,AYERS ROAD,10
Staten Island,BROWN BOULEVARD,10
Staten Island,GRIMSBY STREET,10
Queens,PINEGROVE STREET,10
Queens,MENTONE AVENUE,10
Staten Island,HALES AVENUE,10
Staten Island,PROMENADE AVENUE,10
Queens,NEWBURG STREET,10
Brooklyn,PORTER AVENUE,10
Brooklyn,LIBERTY WAY,10
Staten Island,WINDSOR ROAD,10
Bronx,MANDANICI ROAD,10
Staten Island,SPRATT AVENUE,10
Queens,SEABURY STREET,10
Manhattan,RECTOR PLACE,10
Manhattan,TRINITY PLACE,10
Bronx,BARRETT AVENUE,10
Brooklyn,DE WITT AVENUE,10
Bronx,KATONAH AVENUE,10
Brooklyn,CHURCH LANE,10
Staten Island,COMBS AVENUE,10
Staten Island,RETFORD AVENUE,10
Staten Island,FAIRBANKS AVENUE,10
Staten Island,NEAL DOW AVENUE,10
Queens,CHRISTIE AVENUE,10
Queens,RADNOR ROAD,10
Bronx,BELLAMY LOOP,10
Bronx,HAIGHT AVENUE,10
Bronx,STONE MILL ROAD,10
Staten Island,NORTHFIELD AVENUE,10
Brooklyn,VILLAGE ROAD SOUTH,10
Bronx,CROMWELL AVENUE,10
Queens,WALTHAM STREET,10
Staten Island,FAIRVIEW AVENUE,10
Staten Island,KENSICO STREET,10
Bronx,BRONX RVR PKWY NB EN BRONX BLVD,10
Staten Island,BANCROFT AVENUE,10
Brooklyn,GARFIELD PLACE,10
Staten Island,FOREST ROAD,10
Bronx,COSTER STREET,10
Bronx,HUXLEY AVENUE,10
Queens,FRESH MEADOW LANE PED OVERPASS,10
Brooklyn,BKLYN BTRY TNNL EN HAMILTON AVE,10
Brooklyn,MELROSE STREET,10
Bronx,KNOLLS CRESCENT,10
Bronx,PATTERSON AVENUE,10
Staten Island,DARNELL LANE,10
Staten Island,OLD AMBOY ROAD,10
Staten Island,MERSEREAU AVENUE,10
Staten Island,SHARPE AVENUE,10
Queens,THROGS NECK BRDG NB EN TOTTEN AV,10
Brooklyn,MANHATTAN BEACH PROMENADE,10
Queens,UNISPHERE PROMENADE,10
Staten Island,MARTLING AVENUE,10
Brooklyn,OCEANA DRIVE EAST,10
Brooklyn,TROUTMAN STREET,10
Staten Island,KISSEL AVENUE,10
Staten Island,PACIFIC AVENUE,10
Staten Island,CANNON AVENUE,10
Brooklyn,PLAZA ST EAST,10
Staten Island,CARY AVENUE,10
Staten Island,BROOK AVENUE,10
Queens,MANTON STREET,10
Staten Island,CRANFORD AVENUE,10
Bronx,SEABURY AVENUE,10
Staten Island,STOBE AVENUE,10
Bronx,WOODHULL AVENUE,10
Queens,CHAPIN PARKWAY,10
Bronx,WALNUT AVENUE,10
Staten Island,DANIEL LOW TERRACE,10
Bronx,WOOD AVENUE,10
Brooklyn,DEVON AVENUE,10
Staten Island,FOREST STREET,10
Queens,HILLSIDE AVENUE DOUGLASTON,10
Staten Island,GRANITE AVENUE,10
Staten Island,SUFFOLK AVENUE,10
Queens,UNISPHERE CIRCLE,10
Staten Island,TREADWELL AVENUE,10
Manhattan,DSNY MARINE TRANSFER STATION RP,10
Staten Island,GRAHAM BOULEVARD,10
Staten Island,DIXON AVENUE,10
Staten Island,EMERSON DRIVE,10
Staten Island,DICKIE AVENUE,10
Queens,HEALY AVENUE,10
Queens,COLLIER AVENUE,10
Bronx,BARRY STREET,10
Queens,HANFORD STREET,10
Queens,MAYVILLE STREET,10
Bronx,SURF DRIVE,10
Staten Island,YETMAN AVENUE,10
Brooklyn,SHERMAN STREET,10
Bronx,BOONE AVENUE,10
Bronx,G STREET,10
Staten Island,BYRNE AVENUE,10
Staten Island,OCEAN AVENUE,10
Queens,BRINKERHOFF AVENUE,10
Queens,LITHONIA AVENUE,10
Bronx,CRESCENT AVENUE,10
Queens,COHANCY STREET,10
Staten Island,MORENO COURT,10
Bronx,LORILLARD PLACE,10
Staten Island,MULDOON AVENUE,10
Brooklyn,MESEREAU COURT,10
Manhattan,PETER MINUIT PLACE,9
Queens,BOODY STREET,9
Staten Island,RIVER ROAD,9
Manhattan,FDR DRIVE ENTRANCE SOUTHBOUND,9
Bronx,DEPOT PLACE APPROACH,9
Queens,MCBRIDE STREET,9
Staten Island,GLENN ROAD,9
Queens,BRITTON AVENUE,9
Queens,LEAVITT STREET,9
Staten Island,AMBER STREET,9
Manhattan,CBE SB ENTRANCE AMSTERDAM AVE,9
Queens,BAXTER AVENUE,9
Manhattan,WALKER STREET,9
Bronx,HULL AVENUE,9
Staten Island,WOLVERINE STREET,9
Queens,VAN WYCK EP SB EN WHITESTONE EP,9
Bronx,HP MARKET RR SPUR,9
Queens,ST JOHNS UNIVERSITY,9
Manhattan,WASHINGTON SQUARE WEST,9
Staten Island,STONEGATE DRIVE,9
Manhattan,LAUREL HILL TERRACE,9
Staten Island,COMSTOCK AVENUE,9
Queens,OTIS AVENUE,9
Staten Island,VISTA AVENUE,9
Staten Island,PELICAN CIRCLE,9
Staten Island,BRITTON AVENUE,9
Staten Island,WOODHAVEN AVENUE,9
Manhattan,FDR DRIVE SB ENTRANCE PEARL ST,9
Queens,BELT PY EB EN CROSS BAY BLVD NB,9
Bronx,CHAFFEE AVENUE,9
Bronx,WHITTIER STREET,9
Bronx,EASTBURN AVENUE,9
Manhattan,LINCOLN CENTER PLAZA,9
Bronx,LAFONTAINE AVENUE,9
Queens,ANNAPOLIS STREET,9
Brooklyn,BIJOU AVENUE,9
Queens,PINEVILLE LANE,9
Queens,ELDER AVENUE,9
Bronx,LIVINGSTON AVENUE,9
Staten Island,PARKWOOD AVENUE,9
Bronx,SUNSET TRAIL,9
Bronx,MUNDY LANE,9
Staten Island,SUSSEX GREEN,9
Manhattan,WHITE STREET,9
Queens,RICHLAND AVENUE,9
Staten Island,WOODDALE AVENUE,9
Brooklyn,VANDERBILT STREET,9
Staten Island,COLONIAL AVENUE,9
Brooklyn,HORNELL LOOP,9
Manhattan,WEST LOOP ROAD,9
Queens,POWELLS COVE DRIVE,9
Queens,HICKSVILLE ROAD,9
Queens,JORDAN STREET,9
Manhattan,MOUNT MORRIS PARK WEST,9
Queens,JUSTICE AVENUE,9
Staten Island,SUNSET AVENUE,9
Staten Island,COTTAGE ROW,9
Staten Island,GARRETSON LANE,9
Staten Island,RENWICK AVENUE,9
Queens,CULLMAN AVENUE,9
Brooklyn,WEST AVENUE,9
Staten Island,KEEGANS LANE,9
Brooklyn,STANWIX STREET,9
Bronx,DYRE AVENUE,9
Manhattan,CENTER WAY,9
Bronx,RYER AVENUE,9
Staten Island,RIDGE AVENUE,9
Staten Island,NUGENT STREET,9
Queens,MEXICO STREET,9
Bronx,BARTOW CIRCLE,9
Bronx,LIGHT STREET,9
Queens,HARTLAND AVENUE,9
Brooklyn,STANHOPE STREET,9
Queens,MIDDLEMAY CIRCLE,9
Manhattan,GRAMERCY PARK NORTH,9
Staten Island,BRYANT AVENUE,9
Staten Island,JAMIE LANE,9
Queens,EDGEWOOD STREET,9
Queens,SUSAN COURT,9
Bronx,LOCUST AVENUE,9
Bronx,BENCHLEY PLACE,9
Brooklyn,SUMMIT STREET,9
Staten Island,ERIKA LOOP,9
Brooklyn,SCHENCK STREET,9
Staten Island,EGBERT AVENUE,9
Staten Island,SEARCH LANE,9
Staten Island,BEACH ROAD,9
Brooklyn,PARKVILLE AVENUE,9
Staten Island,HAMDEN AVENUE,9
Queens,LONG STREET,9
Bronx,SPENCER DRIVE,9
Queens,HEWLETT STREET,9
Staten Island,ROBIN COURT,9
Brooklyn,WOODBINE STREET,9
Brooklyn,ST PAULS PLACE,9
Staten Island,RARITAN AVENUE,9
Bronx,QUINCY AVENUE,9
Staten Island,NAVY PIER COURT,9
Staten Island,CURRIE AVENUE,9
Queens,CLOVERDALE LANE,9
Bronx,HARPER AVENUE,9
Queens,OVERBROOK STREET,9
Brooklyn,GOWANUS EP WB EN FT HAMILTON PY,9
Staten Island,FIELDS AVENUE,9
Brooklyn,BROOKLYN HEIGHTS PROMENADE,9
Bronx,MANOR AVENUE,9
Bronx,STEDMAN PLACE,9
Staten Island,BIDWELL AVENUE,9
Staten Island,KIMBERLY LANE,9
Queens,SLOCUM CRESCENT,9
Staten Island,FALCON AVENUE,9
Brooklyn,RIVER STREET,9
Bronx,DRAKE STREET,9
Brooklyn,WILLIAMSBURG ST EAST,9
Brooklyn,EMERALD STREET,9
Queens,HOFFMAN DRIVE,9
Queens,HILLSIDE AVENUE ROCKAWAYS,9
Queens,BOW STREET,9
Queens,DEMEREST ROAD,9
Staten Island,PIERCE STREET,9
Queens,LOUBET STREET,9
Brooklyn,STRAUSS STREET,9
Brooklyn,POLY PLACE,9
Queens,TENNIS PLACE,9
Staten Island,ELVIN STREET,9
Bronx,NORTH STREET,9
Staten Island,ROMER ROAD,9
Bronx,ALCOTT PLACE,9
Manhattan,WEST MAIN STREET,9
Bronx,DEPOT PLACE,9
Queens,VAN ZANDT AVENUE,9
Manhattan,MIDTOWN W-GREENWICH VLG FRY RTE,9
Staten Island,OTIS AVENUE,9
Queens,MURRAY LANE,9
Staten Island,LOCUST AVENUE,9
Staten Island,LYNDALE AVENUE,9
Queens,MURRAY ROAD,9
Queens,ELIZABETH AVENUE,9
Staten Island,HAWTHORNE AVENUE,9
Manhattan,PARK TERRACE WEST,9
Staten Island,WINDERMERE ROAD,9
Staten Island,COLON STREET,9
Staten Island,MILTON AVENUE,9
Brooklyn,HUBBARD ST-GUIDER AVE PED OVPS,9
Bronx,RUPPERT PLAZA,9
Staten Island,VULCAN STREET,9
Bronx,SETON AVENUE,9
Staten Island,LEWISTON STREET,9
Manhattan,FAIRVIEW AVENUE,9
Staten Island,NEW YORK CONTAINER TERMINAL DY,9
Bronx,PRENTISS AVENUE,9
Brooklyn,INGERSOLL-WHITMAN HSNG PED OVPS,9
Staten Island,CHARLES AVENUE,9
Queens,SAUNDERS STREET,9
Queens,VAN WYCK EXPWY SB EN MAIN ST,9
Bronx,ERBEN AVENUE,9
Queens,SHORE AVENUE,9
Bronx,WATERBURY-BAISLEY AVE PED OVPS,9
Queens,DITMARS BOULEVARD SQUARE,9
Queens,ED KOCH BR UPPER RY EN QN PZ S,9
Staten Island,KINGSLEY AVENUE,9
Staten Island,ESSEX DRIVE,9
Queens,POMPEII AVENUE,9
Queens,HAWTREE STREET,9
Queens,PARK CRESCENT,9
Manhattan,CBE SB ENTRANCE WASHINGTON BRDG,9
Staten Island,ROMA AVENUE,9
Staten Island,SNUG HARBOR CULTURAL CNTR DRVWY,9
Queens,WATERS EDGE DRIVE,9
Bronx,CARVER LOOP,9
Staten Island,EAST SERVICE ROAD,9
Queens,LINCOLN STREET,9
Bronx,REEDS MILL LANE,9
Staten Island,LINWOOD AVENUE,9
Brooklyn,PLAZA ST WEST,9
Staten Island,FIELDWAY AVENUE,9
Queens,EPSOM COURSE,9
Staten Island,KATAN LOOP,9
Manhattan,CORLEARS HOOK PARK OVERPASS,9
Bronx,WOODYCREST AVENUE,9
Manhattan,SOUTH END AVENUE,9
Queens,CARSON STREET,9
Staten Island,FOREST GREEN,9
Staten Island,RUSTIC PLACE,9
Staten Island,BARTLETT AVENUE,9
Queens,GRAND CENTRAL PKWY EB EN DITMARS,9
Bronx,INWOOD AVENUE,8
Staten Island,MARSHALL ROAD,8
Manhattan,ST CLAIR PLACE,8
Staten Island,ALTAMONT STREET,8
Staten Island,HURLBERT STREET,8
Queens,LIE WB ENTRANCE COLLEGE PNT BLVD,8
Manhattan,ATTORNEY STREET,8
Staten Island,ALASKA STREET,8
Staten Island,FINLEY AVENUE,8
Brooklyn,ELMWOOD AVENUE,8
Bronx,HUNT AVENUE,8
Staten Island,POUGHKEEPSIE COURT,8
Bronx,ELGAR PLACE,8
Staten Island,WARD AVENUE,8
Brooklyn,AVENUE F,8
Brooklyn,MC KIBBIN STREET,8
Queens,NASSAU EXPWY EN CROSS BAY BLVD,8
Staten Island,FOCH AVENUE,8
Queens,STUART LANE,8
Queens,RAILROAD PLACE,8
Staten Island,ASCOT AVENUE,8
Staten Island,GLASCOE AVENUE,8
Staten Island,CEBRA AVENUE,8
Bronx,SAGAMORE STREET,8
Queens,LANSING AVENUE,8
Brooklyn,BRIGHTWATER COURT,8
Queens,PARK CIRCLE,8
Bronx,SIGMA PLACE,8
Queens,CRAFT AVENUE,8
Bronx,HARPER COURT,8
Queens,BARNETT AVENUE,8
Bronx,EDGE STREET,8
Staten Island,GREENCROFT AVENUE,8
Staten Island,RAYMOND PLACE,8
Staten Island,BRADFORD AVENUE,8
Bronx,HUTCHINSON PY SB EN PELHAM PY WB,8
Manhattan,BIALYSTOKER PLACE,8
Staten Island,ADA DRIVE,8
Bronx,PERENNIAL GARDEN WAY,8
Bronx,SIMPSON STREET,8
Staten Island,CLAY PIT ROAD,8
Staten Island,FREEBORN STREET,8
Staten Island,KOREAN VETS PARKWAY EXIT EB,8
Staten Island,SUNNYMEADE VILLAGE,8
Staten Island,BUCKY DRIVE,8
Bronx,BLACKROCK AVENUE,8
Staten Island,SIMMONS LOOP,8
Manhattan,EVANS ROAD,8
Brooklyn,PIONEER STREET,8
Manhattan,ACADEMY STREET,8
Staten Island,LAKEWOOD ROAD,8
Brooklyn,DELMAR LOOP,8
Brooklyn,BQE WB ENTRANCE OLD FULTON ST,8
Bronx,CHATTERTON AVENUE,8
Manhattan,VESTRY STREET,8
Staten Island,CANON DRIVE,8
Queens,SEWARD AVENUE,8
Queens,HOLLAND AVENUE,8
Queens,JFK EXPWY NB ET NASSAU EXPWY WB,8
Staten Island,MALLORY AVENUE,8
Queens,MARKWOOD PLACE,8
Queens,BAY PARK DRIVE,8
Staten Island,ARLO ROAD,8
Staten Island,PORT RICHMOND WATER PLANT DRVWY,8
Bronx,BRONX RVR PKWY SB EN WEBSTER AVE,8
Staten Island,ROSEDALE AVENUE,8
Manhattan,WATERSIDE PLAZA,8
Bronx,ISELIN AVENUE,8
Queens,SALERNO AVENUE,8
Staten Island,WOLKOFF LANE,8
Staten Island,ISERNIA AVENUE,8
Staten Island,MINTURN AVENUE,8
Queens,GRAND CENTRAL PARKWAY EN EB,8
Staten Island,DUSTAN STREET,8
Manhattan,BANK STREET,8
Bronx,MAPES AVENUE,8
Brooklyn,GENEVA LOOP,8
Queens,EAST ROAD,8
Staten Island,TIBER PLACE,8
Bronx,MACDONOUGH PLACE,8
Queens,VAN WYCK EP SB EN NORTHERN BL,8
Queens,CROSS IS PY NB EN DOUGLASTON PY,8
Staten Island,COLTON STREET,8
Brooklyn,CANARSIE VETERANS CIRCLE,8
Staten Island,RENO AVENUE,8
Bronx,CODDINGTON AVENUE,8
Brooklyn,SKIDMORE AVENUE,8
Staten Island,DE HART AVENUE,8
Staten Island,BOROUGH PLACE,8
Queens,GRAND CENTRAL PY WB EN UNION TP,8
Queens,PALMER DRIVE,8
Queens,LAKEVIEW BOULEVARD EAST,8
Queens,ROBINSON STREET,8
Manhattan,TIEMANN PLACE,8
Queens,NORTON DRIVE,8
Staten Island,VESPA AVENUE,8
Staten Island,CLIFFWOOD AVENUE,8
Bronx,ELM PLACE,8
Staten Island,MACE STREET,8
Staten Island,HIGHVIEW AVENUE,8
Staten Island,SHERADEN AVENUE,8
Queens,KNOLLWOOD AVENUE,8
Bronx,THROGS NECK BOULEVARD,8
Queens,MOLINE STREET,8
Staten Island,USS IOWA CIRCLE,8
Queens,DAVENPORT AVENUE,8
Staten Island,GREENLEAF AVENUE,8
Brooklyn,VAN DYKE STREET,8
Brooklyn,ALLEN AVENUE,8
Brooklyn,WINDSOR PLACE,8
Manhattan,B ROAD,8
Bronx,AQUEDUCT AVENUE EAST,8
Queens,LONG ISLAND EP WB ET QUEENS BL,8
Bronx,MATTHEWSON ROAD,8
Bronx,HUTCHINSON PY SB EN PELHAM PY EB,8
Staten Island,NORTH RAILROAD STREET,8
Queens,ELVIRA AVENUE,8
Staten Island,UTOPIA COURT,8
Bronx,PLIMPTON AVENUE,8
Bronx,NORTON AVENUE,8
Staten Island,ELVERTON AVENUE,8
Staten Island,BARON HIRSCH CEMETERY BDY,8
Bronx,ECHO PLACE,8
Bronx,RIDER AVENUE,8
Brooklyn,SEA BREEZE AVENUE,8
Bronx,ELLIS AVENUE,8
Manhattan,ROSE STREET,8
Manhattan,CENTRAL PARK SOUTH,8
Staten Island,NORTH DRIVE,8
Queens,TROUTMAN STREET,8
Staten Island,HOLLAND AVENUE,8
Bronx,TILDEN STREET,8
Brooklyn,ST JAMES PLACE,8
Staten Island,BARRY STREET,8
Staten Island,EUGENE STREET,8
Staten Island,BILLIOU STREET,8
Bronx,BASSETT AVENUE,8
Staten Island,AVISTON STREET,8
Queens,ASH AVENUE,8
Manhattan,ENRIGHT ROAD,8
Staten Island,GARRISON AVENUE,8
Bronx,SEMINOLE AVENUE,8
Bronx,HAVILAND AVENUE,8
Bronx,BEDFORD PARK BOULEVARD WEST,8
Queens,MARENGO STREET,8
Staten Island,BAY TERRACE,8
Queens,CROYDON ROAD,8
Bronx,MERRITT AVENUE,8
Bronx,WATSON DRIVE,8
Bronx,MULINER AVENUE,8
Staten Island,ARNOLD STREET,8
Staten Island,LIGHTHOUSE AVENUE,8
Staten Island,ADMIRALTY LOOP,8
Staten Island,JENNIFER PLACE,8
Queens,FARRINGTON STREET,8
Staten Island,POWELL STREET,8
Staten Island,BARBARA STREET,8
Staten Island,LORETTO STREET,8
Staten Island,LYNHURST AVENUE,8
Queens,WARWICK AVENUE,8
Brooklyn,BANNER AVENUE,8
Bronx,GROSVENOR AVENUE,8
Staten Island,ODER AVENUE,8
Staten Island,MORRISON AVENUE,8
Bronx,GUERLAIN STREET,8
Staten Island,HARBOR VIEW PLACE SOUTH,8
Queens,TROTTING COURSE LANE,8
Bronx,RAWLINS AVENUE,8
Bronx,DUDLEY AVENUE,8
Queens,PAN AM ROAD,8
Brooklyn,ARKANSAS DRIVE,8
Queens,HORATIO PARKWAY,8
Bronx,ROCKEFELLER FOUNTAIN CIRCLE,8
Staten Island,DUNCAN ROAD,8
Bronx,BYRON AVENUE,8
Queens,WILLIAMSON AVENUE,8
Staten Island,COASTAL LOOP,8
Staten Island,CARLYLE GREEN,8
Staten Island,WHITEWOOD AVENUE,8
Queens,CLYDE STREET,8
Queens,OCEAN AVENUE SOUTH,8
Bronx,BRUCKNER EXPWY WB EN LEGGETT AVE,8
Queens,IRWIN PLACE,8
Queens,NERO AVENUE,8
Staten Island,LLEWELLYN PLACE,8
Bronx,ELLIS-GLEASON AVENUE PED OVPS,8
Staten Island,WESER AVENUE,8
Staten Island,MASON BOULEVARD,8
Bronx,DANCING CRANE PLAZA,8
Bronx,AUSTIN PLACE,8
Manhattan,SHERIDAN SQUARE,8
Queens,BQE WB ENTRANCE NORTHERN BLVD,8
Staten Island,RIVINGTON AVENUE,8
Manhattan,VANDERBILT AVENUE,8
Bronx,COLLEGE OF MOUNT ST VINCENT DY,8
Queens,OVERHILL ROAD,8
Queens,BESSEMUND AVENUE,8
Brooklyn,SULLIVAN PLACE,8
Staten Island,BEACON AVENUE,8
Staten Island,REDGRAVE AVENUE,8
Manhattan,NYS OFFICE OF MENTAL HEALTH BNDY,8
Staten Island,DARLINGTON AVENUE,8
Staten Island,WIRT AVENUE,8
Staten Island,SWAN STREET,8
Bronx,ROCHAMBEAU AVENUE,8
Staten Island,GRAFE STREET,8
Queens,LUKE PLACE,8
Bronx,OVERING STREET,8
Staten Island,EAST BUCHANAN STREET,8
Staten Island,HOOKER PLACE,8
Queens,DEPEW AVENUE,8
Brooklyn,LEGION STREET,8
Staten Island,BENTON AVENUE,8
Staten Island,NEW DORP PLAZA,8
Bronx,ORCHARD BEACH CIRCLE,8
Staten Island,PAVILLION HILL TERRACE,8
Staten Island,ACADEMY AVENUE,8
Brooklyn,STAGG STREET,8
Brooklyn,DARE COURT,8
Queens,COSTCO ESPLANADE,8
Queens,ADMIRAL AVENUE,8
Bronx,MANHATTAN COLLEGE PKWY PED OVPS,8
Staten Island,SEA GATE ROAD,8
Staten Island,MOUNTAIN VIEW AVENUE,8
Bronx,CONCOURSE VILLAGE WEST,8
Staten Island,CROMWELL CIRCLE,8
Staten Island,EAST LOOP ROAD,8
Queens,SAGAMORE AVENUE,8
Queens,HULL AVENUE,8
Queens,DE COSTA AVENUE,8
Staten Island,CALCUTTA STREET,8
Staten Island,KINGDOM AVENUE,8
Staten Island,SNEDEN AVENUE,8
Staten Island,FILLMORE STREET,8
Brooklyn,WEBSTER AVENUE,8
Manhattan,UNIVERSITY PLACE,8
Staten Island,MAYBERRY PROMENADE,8
Bronx,NARRAGANSETT AVENUE,8
Brooklyn,FREEPORT LOOP,8
Queens,ROCKY HILL ROAD,8
Brooklyn,ESPLANADE,8
Staten Island,MARBLE STREET,8
Bronx,FTELEY AVENUE,8
Bronx,AMUNDSON AVENUE,7
Queens,LAX AVENUE,7
Bronx,WISSMAN AVENUE,7
Brooklyn,BQE WESTBOUND ENTRANCE SANDS ST,7
Staten Island,OCEANVIEW PLACE,7
Queens,BABBAGE STREET,7
Brooklyn,THOMAS STREET,7
Bronx,KOSSUTH AVENUE,7
Queens,LANGSTON AVENUE,7
Staten Island,BURBANK AVENUE,7
Brooklyn,BQE WB EN MC GUINNESS BLVD S,7
Staten Island,CHESTERTON AVENUE,7
Staten Island,WASHINGTON AVENUE,7
Bronx,FORD STREET,7
Queens,WESTAWAY ROAD,7
Queens,ARVERNE BOULEVARD,7
Bronx,SOUNDVIEW TERRACE,7
Queens,ARNOLD AVENUE,7
Bronx,YOUNG AVENUE,7
Brooklyn,PAULDING STREET,7
Bronx,TIER STREET,7
Queens,J ROBINSON PY WB EN METROPOLITAN,7
Queens,FORLEY STREET,7
Bronx,MARTHA AVENUE,7
Staten Island,PULASKI AVENUE,7
Staten Island,BROKEN SHELL ROAD,7
Brooklyn,OLD NEW UTRECHT ROAD,7
Staten Island,FAHY AVENUE,7
Staten Island,CEMETERY RESURRECTION BDY,7
Brooklyn,VAN BUREN STREET,7
Staten Island,HASBROUCK ROAD,7
Staten Island,JOHANNA LANE,7
Manhattan,FREEDOM PLACE SOUTH,7
Staten Island,PHILIP AVENUE,7
Bronx,ITTNER PLACE,7
Staten Island,ANDROVETTE AVENUE,7
Queens,BRUNSWICK AVENUE,7
Bronx,BRONX RIVER PKWY NB EN BOSTON RD,7
Brooklyn,WILLOW STREET,7
Brooklyn,ASH STREET,7
Queens,LITTLE BAY ROAD,7
Staten Island,ARLINGTON PLACE,7
Staten Island,BRYSON AVENUE,7
Bronx,BENSON STREET,7
Staten Island,SMITHS LANE,7
Staten Island,REON AVENUE,7
Staten Island,SEA BREEZE LANE,7
Bronx,BRONX RVR PY NB EN PELHAM PY EB,7
Brooklyn,BELT PKWY EB EN CROPSEY AVE NB,7
Staten Island,MAPLETON AVENUE,7
Staten Island,WHITE OAK LANE,7
Bronx,THROGMORTON AVENUE,7
Staten Island,MICHAEL LOOP,7
Queens,CURTIS COURT,7
Brooklyn,SETON PLACE,7
Queens,HALLETS COVE ESPLANADE,7
Brooklyn,OCEAN COURT,7
Brooklyn,MAYFAIR DRIVE NORTH,7
Staten Island,BAYVIEW TERRACE,7
Staten Island,OAKLAND TERRACE,7
Bronx,GILLESPIE AVENUE,7
Queens,THORNTON PLACE,7
Queens,JAY AVENUE,7
Staten Island,SHOTWELL AVENUE,7
Queens,BROWN PLACE,7
Staten Island,OLD FARMERS LANE,7
Bronx,BRONX PARK AVENUE,7
Bronx,HADLEY AVENUE,7
Manhattan,BRYANT PARK,7
Staten Island,DOROTHEA PLACE,7
Queens,JFK EXPWY NB ET NASSAU EXPWY EB,7
Brooklyn,CUMBERLAND WALK,7
Brooklyn,CHISHOLM PARK PENN RING DRIVE,7
Staten Island,PENN AVENUE,7
Queens,VAN DOREN STREET,7
Staten Island,MICHELLE COURT,7
Staten Island,CARLTON PLACE,7
Staten Island,HANNAH STREET,7
Staten Island,KISWICK STREET,7
Queens,GRENFELL STREET,7
Bronx,SOUND VIEW STREET,7
Manhattan,ALBANY STREET,7
Bronx,ERICSON PLACE,7
Brooklyn,WOLCOTT STREET,7
Staten Island,BEMENT COURT,7
Staten Island,EMERSON COURT,7
Staten Island,WESTMINSTER COURT,7
Queens,J ROBINSON PY EB EN METROPOLITAN,7
Queens,QUINCE AVENUE,7
Staten Island,COURTNEY LOOP,7
Staten Island,OLD MILL ROAD,7
Bronx,HUTCHINSON PY NB EN PELHAM PY,7
Staten Island,WHITMAN AVENUE,7
Staten Island,FRANCINE COURT,7
Brooklyn,OLIVE STREET,7
Staten Island,HENRY PLACE,7
Staten Island,REVERE STREET,7
Staten Island,RIDGEWAY AVENUE,7
Queens,GOLD ROAD,7
Queens,SYLVESTER LANE,7
Brooklyn,CHISHOLM PARK GULL TRAIL,7
Brooklyn,WOODRUFF AVENUE,7
Staten Island,INSTITUTE FOR BASIC RESEARCH DY,7
Staten Island,HOLIDAY DRIVE,7
Staten Island,HILLMAN AVENUE,7
Staten Island,PRALL AVENUE,7
Queens,TUDOR ROAD,7
Bronx,LIBBY PLACE,7
Bronx,POWELL AVENUE,7
Bronx,SPENCER AVENUE,7
Staten Island,SHARROTTS LANE,7
Bronx,ST PETERS AVENUE,7
Queens,SAULL STREET,7
Staten Island,SUNRISE TERRACE,7
Staten Island,LENZIE STREET,7
Bronx,D STREET,7
Staten Island,FABER STREET,7
Queens,POINT CRESCENT,7
Staten Island,NATICK STREET,7
Staten Island,RIDGE LOOP,7
Brooklyn,KAY AVENUE,7
Staten Island,DOGWOOD DRIVE,7
Staten Island,DALTON AVENUE,7
Queens,BELT PY EB EN JOHN F KENNEDY EP,7
Bronx,SECOR AVENUE,7
Staten Island,ANNFIELD COURT,7
Brooklyn,SOUTH OXFORD STREET,7
Staten Island,FRIENDSHIP LANE,7
Brooklyn,SOMERS STREET,7
Staten Island,ALEXANDER AVENUE,7
Queens,DEERFIELD ROAD,7
Bronx,CONSERVATORY DRIVE,7
Manhattan,RIVERSIDE DRIVE EAST,7
Queens,LITTLE NECK BOULEVARD,7
Staten Island,RYE AVENUE,7
Queens,SUMMERFIELD STREET,7
Bronx,MARCONI STREET,7
Bronx,DOUGLAS AVENUE,7
Queens,GRAND CENTRAL PARKWAY WB EN LGA,7
Manhattan,RFK BR MANHATTAN RANDALLS IS RP,7
Queens,SUMMER STREET,7
Brooklyn,NAVY WALK,7
Brooklyn,EBONY COURT,7
Bronx,THROOP AVENUE,7
Staten Island,VOGEL LOOP,7
Bronx,WEST GUN HILL ROAD,7
Brooklyn,VERONA STREET,7
Bronx,TOMLINSON AVENUE,7
Brooklyn,RUTLEDGE STREET,7
Brooklyn,CROTON LOOP,7
Staten Island,MATHEWS AVENUE,7
Queens,SHAD CREEK ROAD,7
Queens,TRAFFIC AVENUE,7
Brooklyn,CHISHOLM PARK RED TAIL TRAIL,7
Queens,WOOD STREET,7
Bronx,BRINSMADE AVENUE,7
Queens,OLD SPRNGFLD CEMETERY BDY,7
Queens,HASPEL STREET,7
Staten Island,DETROIT AVENUE,7
Queens,ROCKROSE PLACE,7
Bronx,BX RIVER PARKWAY ENTRANCE NB,7
Bronx,TYNDALL AVENUE,7
Queens,GOTHIC DRIVE,7
Staten Island,A STREET,7
Staten Island,WILLARD AVENUE,7
Staten Island,AINSWORTH AVENUE,7
Staten Island,GELDNER AVENUE,7
Queens,LIE WB ENTRANCE WOODHAVEN BL SB,7
Brooklyn,WHITMAN DRIVE,7
Staten Island,SKINNER LANE,7
Queens,BAYSIDE STREET,7
Queens,HUNTER STREET,7
Staten Island,ROME AVENUE,7
Staten Island,MEDFORD ROAD,7
Staten Island,OSWEGO STREET,7
Staten Island,CYPRESS CREST LANE,7
Queens,AVON ROAD,7
Staten Island,OLGA PLACE,7
Bronx,CORSA AVENUE,7
Queens,STARR STREET,7
Staten Island,PORTLAND PLACE,7
Bronx,MOSHOLU PARKWAY SOUTHBOUND EXIT,7
Staten Island,NEWARK AVENUE,7
Brooklyn,STEINER STREET,7
Brooklyn,VERRAZZANO BR UPPER LEVEL EN GOE,7
Queens,STRONGHURST AVENUE,7
Brooklyn,SUMPTER STREET,7
Staten Island,MC KINLEY AVENUE,7
Bronx,POPLAR AVENUE,7
Staten Island,DUTCHESS AVENUE,7
Staten Island,CHRISTOPHER LANE,7
Bronx,CROTONA PARK EAST,7
Queens,STARR AVENUE,7
Brooklyn,RANGER ROAD,7
Staten Island,MULLER AVENUE,7
Bronx,WATERFALL TRAIL,7
Staten Island,BURGUNDY LOOP,7
Bronx,VIREO AVENUE,7
Brooklyn,GREEN STREET,7
Brooklyn,BQE WB EN WILLIAMSBURG STREET W,7
Staten Island,SAXON AVENUE,7
Bronx,HILL AVENUE,7
Staten Island,BUCHANAN AVENUE,7
Brooklyn,RYDER AVENUE,7
Staten Island,DENKER PLACE,7
Staten Island,HOME PLACE,7
Staten Island,WARDWELL AVENUE,7
Staten Island,WESTENTRY ROAD,7
Queens,WEAVER AVENUE,7
Staten Island,STAGE LANE,7
Manhattan,FORT GEORGE AVENUE,7
Staten Island,SCHEFFELIN AVENUE,7
Staten Island,SABLE LOOP,7
Manhattan,PORT IMPERIAL-MIDTOWN W FRY RTE,7
Staten Island,HOPE AVENUE,7
Queens,THEBES AVENUE,7
Bronx,MAJOR DEEGAN EP NB EN W FORDHAM,7
Bronx,GODWIN TERRACE,7
Staten Island,WILLOW AVENUE,7
Staten Island,WINANT PLACE,7
Brooklyn,BURNETT STREET,7
Manhattan,HARLEM RIVER DRIVE SOUTHBOUND EN,7
Bronx,RIVER ROAD,7
Queens,NEGUNDO AVENUE,7
Queens,NOEL ROAD,7
Queens,EDGERTON BOULEVARD,7
Queens,GARFIELD AVENUE,7
Staten Island,DUBOIS AVENUE,7
Queens,HARTMAN LANE,7
Brooklyn,SUNNYSIDE AVENUE,7
Staten Island,RICHARD AVENUE,7
Queens,WELLER AVENUE,7
Brooklyn,SEAWALL AVENUE,7
Manhattan,ST ANDREWS PLAZA,7
Staten Island,RAVENHURST AVENUE,7
Queens,DUNTON STREET,7
Manhattan,PLAZA LAFAYETTE,7
Queens,EDSALL AVENUE,7
Staten Island,BOYD STREET,7
Bronx,CANNON PLACE,7
Staten Island,SEA GATE COURT,7
Manhattan,PLEASANT AVENUE,7
Staten Island,DONLEY AVENUE,7
Bronx,NEW ENGLAND TY NB EN BAYCHESTER,7
Bronx,DALY AVENUE,7
Staten Island,LEVIT AVENUE,7
Queens,OLD ROCKAWAY BOULEVARD,7
Staten Island,KIRSHON AVENUE,7
Queens,ARLINGTON TERRACE,7
Bronx,CONSTITUTION ROW,7
Bronx,ERDMAN PLACE,7
Bronx,FAIRMOUNT AVENUE,7
Queens,SYBILLA STREET,7
Queens,CHELSEA STREET,7
Staten Island,GALVASTON LOOP,7
Queens,RIDGEDALE STREET,7
Bronx,MONTICELLO AVENUE,7
Staten Island,STATION AVENUE,7
Queens,RUSSELL PLACE,7
Queens,ESTATES LANE,7
Queens,MORENCI LANE,7
Queens,PATH OF AFRICA,7
Queens,COLLINS PLACE,7
Staten Island,HOPE LANE,7
Bronx,MULFORD AVENUE,7
Staten Island,FINE BOULEVARD,7
Staten Island,PARK HILL AVENUE,7
Queens,ULMER STREET,7
Brooklyn,BELT PKWY WB EN FLATBUSH AVE NB,7
Staten Island,GREAVES LANE,7
Bronx,CANAL PLACE,7
Manhattan,AVENUE C LOOP,7
Queens,GATEWAY BOULEVARD,7
Staten Island,BISHOP STREET,7
Staten Island,PEMBROOK LOOP,7
Bronx,COLGATE AVENUE,7
Staten Island,STEWART AVENUE,7
Staten Island,RUSSEK DRIVE,7
Staten Island,RADCLIFF ROAD,7
Queens,HOLLY AVENUE,7
Bronx,QUARRY ROAD,7
Manhattan,ST JAMES PLACE,7
Queens,SANDY DUNE WAY,7
Staten Island,SUMMIT AVENUE,7
Staten Island,VERMONT AVENUE,7
Staten Island,CHAPIN AVENUE,7
Queens,PALO ALTO AVENUE,7
Brooklyn,WOODHULL STREET,7
Staten Island,KELLY BOULEVARD,7
Bronx,WILLIAM AVENUE,7
Bronx,GLOVER STREET,7
Staten Island,BENZIGER AVENUE,7
Brooklyn,PENN STREET,7
Queens,MAPLE AVENUE,7
Bronx,MERRY AVENUE,7
Bronx,WEST FARMS SQUARE PLAZA,7
Bronx,QUIMBY AVENUE,7
Staten Island,D STREET,7
Manhattan,RIVER TERRACE,7
Staten Island,SEIDMAN AVENUE,7
Staten Island,ROFF STREET,7
Queens,BARRET ROAD,7
Brooklyn,RYERSON STREET,7
Brooklyn,TERRACE PLACE,7
Manhattan,LINCOLN HARBOR-MIDTOWN W FRY RTE,7
Staten Island,CLINTON B FISK AVENUE,7
Brooklyn,BOX STREET,7
Queens,RUTLEDGE AVENUE,7
Staten Island,PIAVE AVENUE,7
Manhattan,OLD BROADWAY,7
Staten Island,GREAVES COURT,7
Queens,BELT PKWY EB EN CROSS BAY BLVD,7
Staten Island,CROSSFIELD AVENUE,7
Bronx,STRATFORD AVENUE,7
Brooklyn,WHITE STREET,7
Staten Island,KENILWORTH AVENUE,7
Staten Island,MERRILL AVENUE,7
Queens,WALDRON STREET,7
Bronx,ADMIRAL LANE,7
Queens,LESLIE ROAD,7
Brooklyn,BELT PKWY EB EN FLATBUSH AVE SB,7
Bronx,MDE SB ENTRANCE W FORDHAM RD,7
Staten Island,TAYLOR STREET,7
Bronx,FAIRFIELD AVENUE,7
Brooklyn,CHISHOLM PARK FOUNTAIN RING DRV,7
Staten Island,EDITH AVENUE,7
Staten Island,SHELTERVIEW DRIVE,7
Bronx,ARCHER STREET,6
Staten Island,MANILA AVENUE,6
Bronx,MERMAID LANE,6
Staten Island,COAST GUARD DRIVE,6
Staten Island,GRAVEL ROAD ESPLANADE,6
Staten Island,WAKEFIELD AVENUE,6
Staten Island,KEATING STREET,6
Staten Island,HEMPSTEAD AVENUE,6
Bronx,GILES PLACE,6
Staten Island,LUNA CIRCLE,6
Queens,VAN WYCK EXPWY SB EN S SVC RD,6
Queens,HILBURN AVENUE,6
Bronx,HAWKINS STREET,6
Staten Island,STERN COURT,6
Queens,BEAVER ROAD,6
Staten Island,GLADWIN STREET,6
Staten Island,RIGA STREET,6
Staten Island,MUNDY AVENUE,6
Staten Island,GLENNAN AVENUE,6
Bronx,BRONX RVR PY NB EN PELHAM PY WB,6
Queens,NORTHERN BLVD WB EXIT CITI FIELD,6
Queens,STADIUM PLACE SOUTH,6
Bronx,FRISBY AVENUE,6
Queens,HURLEY COURT,6
Queens,TONSOR STREET,6
Staten Island,BUNNELL COURT,6
Manhattan,ISHAM STREET,6
Queens,JACOBUS STREET,6
Brooklyn,STARR STREET,6
Brooklyn,SOUTH PORTLAND AVENUE,6
Queens,LAMONT AVENUE,6
Manhattan,VERMILYEA AVENUE,6
Queens,HARMONY ROAD,6
Queens,LGA TERMINALS C-D DEPARTURES RD,6
Queens,STADIUM ROAD,6
Brooklyn,FERRIS STREET,6
Bronx,WILLOW AVENUE,6
Queens,ANKENER AVENUE,6
Staten Island,KREISCHER STREET,6
Staten Island,HELENA ROAD,6
Queens,J ROBINSON PY WB EN FOREST PK DR,6
Brooklyn,BELT PKWY EB EN FLATBUSH AVE NB,6
Staten Island,DELMORE STREET,6
Staten Island,DOWNES AVENUE,6
Queens,FOUNTAIN OF THE FAIRS PR NORTH,6
Staten Island,LERER LANE,6
Staten Island,MALONE AVENUE,6
Queens,GROSVENOR ROAD,6
Staten Island,TYSEN STREET,6
Staten Island,PINEWOOD AVENUE,6
Queens,CLINTON WALK,6
Staten Island,AMARON LANE,6
Staten Island,HOWARD LANE,6
Staten Island,ALAN LOOP,6
Staten Island,REGIS DRIVE,6
Bronx,AVENUE ST JOHN,6
Staten Island,MERRYMOUNT STREET,6
Staten Island,WEINER STREET,6
Staten Island,WADSWORTH ROAD,6
Brooklyn,RAPELYE STREET,6
Queens,WESTSIDE AVENUE,6
Queens,ARCADIA WALK,6
Staten Island,DEVENS STREET,6
Queens,BELLAIRE PLACE,6
Staten Island,HULL AVENUE,6
Queens,CARLTON STREET,6
Staten Island,DENT ROAD,6
Queens,SAGE STREET,6
Staten Island,ST ALBANS PLACE,6
Staten Island,BALTIC AVENUE,6
Queens,NORMAN STREET,6
Staten Island,FORT HILL CIRCLE,6
Brooklyn,NOLL STREET,6
Queens,RAU COURT,6
Queens,OCEAN AVENUE NORTH,6
Staten Island,LANSING STREET,6
Brooklyn,ANGELA DRIVE,6
Manhattan,VAN CORLEAR PLACE,6
Staten Island,NORTH SHORE ESPLANADE,6
Queens,MELISSA COURT,6
Bronx,DEAN AVENUE,6
Staten Island,PRESCOTT AVENUE,6
Bronx,BERGEN AVENUE,6
Bronx,CLARENCE AVENUE,6
Staten Island,DAWSON CIRCLE,6
Brooklyn,GARLAND COURT,6
Queens,CANEY LANE,6
Manhattan,FREDERICK DOUGLASS CIRCLE,6
Staten Island,WEST CEDARVIEW AVENUE,6
Queens,VAN CLEEF STREET,6
Queens,ROBIN LANE,6
Staten Island,AMITY PLACE,6
Brooklyn,STILLWELLS PLACE,6
Staten Island,WEST RALEIGH AVENUE,6
Queens,AVON STREET,6
Bronx,FURMAN AVENUE,6
Bronx,WOOD ROAD,6
Staten Island,WOODLAWN AVENUE,6
Queens,PALO ALTO STREET,6
Queens,BAGLEY AVENUE,6
Staten Island,WEST CASTOR PLACE,6
Bronx,DASH PLACE,6
Brooklyn,HOLT COURT,6
Queens,TOTTEN STREET,6
Staten Island,GARFIELD AVENUE,6
Staten Island,LATOURETTE STREET,6
Staten Island,ANCHOR PLACE,6
Staten Island,SAVO LOOP,6
Staten Island,WRIGHT STREET,6
Bronx,AVENUE E,6
Bronx,OAKLEY STREET,6
Staten Island,ORNSTEIN LANE,6
Bronx,SWEET GUM TRAIL,6
Brooklyn,DOOLEY STREET,6
Staten Island,DRURY AVENUE,6
Bronx,MILL VIEW TRAIL,6
Bronx,SOUTH OAK DRIVE,6
Staten Island,SIMMONS LANE,6
Bronx,ST THERESA AVENUE,6
Queens,NEPTUNE WALK,6
Bronx,PELHAM BAY PARK WEST,6
Queens,LGA TERMINAL D DEPARTURES ROAD,6
Staten Island,OSBORNE AVENUE,6
Bronx,BRONX RIVER PKWY SB EN BOSTON RD,6
Staten Island,FAIRLAWN LOOP,6
Bronx,CARTER AVENUE,6
Staten Island,WEED AVENUE,6
Queens,WHITEHALL TERRACE,6
Queens,ITHACA STREET,6
Bronx,RICHARDSON AVENUE,6
Bronx,ST PAULS PLACE,6
Staten Island,WILLIAM AVENUE,6
Staten Island,NICOLOSI DRIVE,6
Queens,VAN WYCK EP SB EN MEADOW LK RD,6
Brooklyn,BQE EASTBOUND ENTRANCE CHERRY ST,6
Bronx,WORTHEN STREET,6
Staten Island,LOVELACE AVENUE,6
Queens,SMART STREET,6
Queens,LGA TERMINAL B ACCESS ROAD,6
Staten Island,EDWIN STREET,6
Staten Island,CANNON BOULEVARD,6
Brooklyn,OAK STREET,6
Staten Island,WALDRON AVENUE,6
Staten Island,GRASMERE DRIVE,6
Queens,SOMERSET STREET,6
Queens,SMEDLEY STREET,6
Staten Island,TURNER STREET,6
Brooklyn,NEWTON STREET,6
Queens,SIDWAY PLACE,6
Staten Island,EAST BROADWAY,6
Brooklyn,COMMERCIAL WHARF,6
Staten Island,MOUNTAINSIDE ROAD,6
Manhattan,WORLD TRADE CENTER,6
Manhattan,OVERLOOK TERRACE,6
Bronx,STEENWICK AVENUE,6
Staten Island,MIDLAND ROAD,6
Staten Island,SPARKILL AVENUE,6
Staten Island,PARK HILL CIRCLE,6
Brooklyn,HARRISON PLACE,6
Brooklyn,BOGARDUS STREET,6
Staten Island,KRUSER STREET,6
Queens,ST JAMES AVENUE,6
